action_id,anchor_url,anchor_hash,fetch_status,http_status,content_type,file_path,file_sha256,content_bytes,fetched_at_utc,error,source_url,request_profile
529dccaadaa000746c22f1682574cb3f436eeba4d19710b90791a54226dc96d7#0,https://ipfs.io/ipfs/bafkreieaerpnfvjblld4pywite3rbfxkebf2fvlacerklrdmsfvp4kvui4,1ac5c12a6b09d68d6602d79df4ea82e92f1c15dc306a31c320fd546b4b7ad690,ok_cached,200,application/json,data/input/governance/anchors/529dccaadaa000746c22f1682574cb3f436eeba4d19710b90791a54226dc96d7-0-20260710T032155Z.bin,80245ed2d5215ac7c7e2c899371096ea204ba2d5601122a5c46c916afe2ab447,8594,2026-07-11T11:30:14Z,,ipfs://bafkreieaerpnfvjblld4pywite3rbfxkebf2fvlacerklrdmsfvp4kvui4,0
2f429bde312c0806bd16199da10f4145da9807161e99d4486174c6fb9a91f983#0,https://ipfs.io/ipfs/QmRyqT2c9tHbk9hMrYjjpJ3omRSC2HpSVCBT69kYsm7Szr,c36315b5d8b5ebb5b824b4d201fb4837e75bb88d68672c413a59212900017179,ok_cached,200,application/json,data/input/governance/anchors/2f429bde312c0806bd16199da10f4145da9807161e99d4486174c6fb9a91f983-0-20260708T113010Z.bin,cdc48d2b3b3f1c2730744515062f662e0813a877d4f5cd836fa906472abdedfc,35038,2026-07-11T11:30:14Z,,ipfs://QmRyqT2c9tHbk9hMrYjjpJ3omRSC2HpSVCBT69kYsm7Szr,0
gov_action1xg69v73lfzkwyhhuz583x6geyc2ewn3r96sxuqj3wqvrrk0yfpksqqa63yc,https://ipfs.io/ipfs/QmcZPndRnPR3giqybj1u24VVFx5q4csN9uYHuFCtT38uqD,e6b117c2522a69b1b693dd863181aa42b86d71fc928b5b5d40cc906d43515500,ok_cached,200,application/json,data/input/governance/anchors/gov_action1xg69v73lfzkwyhhuz583x6geyc2ewn3r96sxuqj3wqvrrk0yfpksqqa63yc-20260630T113110Z.bin,96dfef611f19c0b286fd372b15cff22d1f4d3c758f3254418084c775799d5cc3,62958,2026-07-11T11:30:14Z,,ipfs://QmcZPndRnPR3giqybj1u24VVFx5q4csN9uYHuFCtT38uqD,0
gov_action1mlvplrdk2t7eyclqeca77ppmfq3sghkr5hdppjqhdqdd573r7q6qqms7jwt,https://ipfs.io/ipfs/QmZwHmFoyhd18WMRhv9356CXfbUqjkPsKKGZtCpVLaWgcU,f95bd74697b3499760bc768b7400d9c1f57d3ff447e1c51cb9f0ec24a94c782b,ok_cached,200,application/json,data/input/governance/anchors/gov_action1mlvplrdk2t7eyclqeca77ppmfq3sghkr5hdppjqhdqdd573r7q6qqms7jwt-20260704T040810Z.bin,891884338278d5777ccde4c798a010f4b62b732b21d9cf9dd39503588d75ee36,72887,2026-07-11T11:30:14Z,,ipfs://QmZwHmFoyhd18WMRhv9356CXfbUqjkPsKKGZtCpVLaWgcU,0
gov_action1cpnqmlgpkz3dnwnm4spqzsmsp93y9mr4vqcm2ltcpqyyf7a7nszsq4h586r,https://most-brass-sun.quicknode-ipfs.com/ipfs/QmcYmPjBjNMz4fuSJcyFmBRuCHuoGcQjvwRELsEm4DW1YD,d2d4bf0c17716b9ce7cb8cae1d85af45c236fd64a142a367e030115521a558cf,ok_cached,200,application/json,data/input/governance/anchors/gov_action1cpnqmlgpkz3dnwnm4spqzsmsp93y9mr4vqcm2ltcpqyyf7a7nszsq4h586r-20260630T113110Z.bin,fe57ffe098d09cbe0b500d160e2c4420276b33ef2007e9509cf74ea0e6d5201b,23502,2026-07-11T11:30:14Z,,https://most-brass-sun.quicknode-ipfs.com/ipfs/QmcYmPjBjNMz4fuSJcyFmBRuCHuoGcQjvwRELsEm4DW1YD,0
gov_action15atytcy8ru7mkcs8m7r8mx7k5x36t0h6grtgmak6v5wmf4nq07lsqhakceq,https://ipfs.io/ipfs/QmXFz2SrMXustcHZzmg6kz3vXRThebgyZ4pChF9grxqqMD,d420037401626f4db20a255ca52d9d39764f68edfdc02686007cf9c731564f88,ok_cached,200,application/json,data/input/governance/anchors/gov_action15atytcy8ru7mkcs8m7r8mx7k5x36t0h6grtgmak6v5wmf4nq07lsqhakceq-20260703T113107Z.bin,06700051aa8f5f7421e5cb7c3d4f3e87f41f80279ee6a0671668326f9783ed55,5544,2026-07-11T11:30:14Z,,ipfs://QmXFz2SrMXustcHZzmg6kz3vXRThebgyZ4pChF9grxqqMD,0
dfd81f8db652fd9263e0ce3bef043b4823045ec3a5da10c817681ada7a23f034#0,https://ipfs.io/ipfs/QmZwHmFoyhd18WMRhv9356CXfbUqjkPsKKGZtCpVLaWgcU,f95bd74697b3499760bc768b7400d9c1f57d3ff447e1c51cb9f0ec24a94c782b,ok_cached,200,application/json,data/input/governance/anchors/gov_action1mlvplrdk2t7eyclqeca77ppmfq3sghkr5hdppjqhdqdd573r7q6qqms7jwt-20260704T040810Z.bin,891884338278d5777ccde4c798a010f4b62b732b21d9cf9dd39503588d75ee36,72887,2026-07-11T11:30:14Z,,ipfs://QmZwHmFoyhd18WMRhv9356CXfbUqjkPsKKGZtCpVLaWgcU,0
c0660dfd01b0a2d9ba7bac02014370096242ec756031b57d78080844fbbe9c05#0,https://most-brass-sun.quicknode-ipfs.com/ipfs/QmcYmPjBjNMz4fuSJcyFmBRuCHuoGcQjvwRELsEm4DW1YD,d2d4bf0c17716b9ce7cb8cae1d85af45c236fd64a142a367e030115521a558cf,ok_cached,200,application/json,data/input/governance/anchors/gov_action1cpnqmlgpkz3dnwnm4spqzsmsp93y9mr4vqcm2ltcpqyyf7a7nszsq4h586r-20260630T113110Z.bin,fe57ffe098d09cbe0b500d160e2c4420276b33ef2007e9509cf74ea0e6d5201b,23502,2026-07-11T11:30:14Z,,https://most-brass-sun.quicknode-ipfs.com/ipfs/QmcYmPjBjNMz4fuSJcyFmBRuCHuoGcQjvwRELsEm4DW1YD,0
a75645e0871f3dbb6207df867d9bd6a1a3a5befa40d68df6da651db4d6607fbf#0,https://ipfs.io/ipfs/QmXFz2SrMXustcHZzmg6kz3vXRThebgyZ4pChF9grxqqMD,d420037401626f4db20a255ca52d9d39764f68edfdc02686007cf9c731564f88,ok_cached,200,application/json,data/input/governance/anchors/gov_action15atytcy8ru7mkcs8m7r8mx7k5x36t0h6grtgmak6v5wmf4nq07lsqhakceq-20260703T113107Z.bin,06700051aa8f5f7421e5cb7c3d4f3e87f41f80279ee6a0671668326f9783ed55,5544,2026-07-11T11:30:14Z,,ipfs://QmXFz2SrMXustcHZzmg6kz3vXRThebgyZ4pChF9grxqqMD,0
3234567a3f48ace25efc150f1369192615974e232ea06e0251701831d9e4486d#0,https://ipfs.io/ipfs/QmcZPndRnPR3giqybj1u24VVFx5q4csN9uYHuFCtT38uqD,e6b117c2522a69b1b693dd863181aa42b86d71fc928b5b5d40cc906d43515500,ok_cached,200,application/json,data/input/governance/anchors/gov_action1xg69v73lfzkwyhhuz583x6geyc2ewn3r96sxuqj3wqvrrk0yfpksqqa63yc-20260630T113110Z.bin,96dfef611f19c0b286fd372b15cff22d1f4d3c758f3254418084c775799d5cc3,62958,2026-07-11T11:30:14Z,,ipfs://QmcZPndRnPR3giqybj1u24VVFx5q4csN9uYHuFCtT38uqD,0
gov_action1xk6yrz0tg72a2a63ytd99gapz46nlqlavckarleqt6nr8lyekd8qqp0ga3d,https://ipfs.io/ipfs/QmYVmiR5xqF5kTW55EazGVsC5rsBxPno94m1sDu4SFndMc,1a25307b01b45cc3a13a33c21a9048a0c7672178f776d36154f78ac7b289fb1c,ok_cached,200,application/json,data/input/governance/anchors/gov_action1xk6yrz0tg72a2a63ytd99gapz46nlqlavckarleqt6nr8lyekd8qqp0ga3d-20260625T113100Z.bin,43934d3d5d83db7e22ba1f5467213f7664b817607355a2ddd27246b1190b0fe5,27771,2026-07-11T11:30:14Z,,ipfs://QmYVmiR5xqF5kTW55EazGVsC5rsBxPno94m1sDu4SFndMc,0
gov_action1pa6a6yd7pdaxed9nqkshtvtu7jmqe5c8cpf0ej4lnatjj588qkpsq2x2sz2,https://raw.githubusercontent.com/sundial-protocol/alchemy-proposal/d5460de0ed4af81602c44b65567dd8a54cf1c61c/data.jsonld,c267ddd7a68d723104c27ab9e9101b9cdc2b767496fb3d7cbd6b947a1917214e,ok_cached,200,text/plain; charset=utf-8,data/input/governance/anchors/gov_action1pa6a6yd7pdaxed9nqkshtvtu7jmqe5c8cpf0ej4lnatjj588qkpsq2x2sz2-20260624T113056Z.bin,95b1c7b82fc16070198efa280db9312dc7aa0a42fc8eb5b91a64daedf8cbec57,23136,2026-07-11T11:30:14Z,,https://raw.githubusercontent.com/sundial-protocol/alchemy-proposal/d5460de0ed4af81602c44b65567dd8a54cf1c61c/data.jsonld,0
gov_action1mr0qdz2jmagvsch6r08fhqvq6vu8jakt4c8m9s7ea7z0p740vntqq4yjd6j,https://ipfs.io/ipfs/QmdWtCCvK6CJUzP4SFiuL5W8hg3eNr5LyngJHnwjoNxJey,d53fb4d05888001d60d03f5bca438f9cff434c441a9743d5ba898c3a17464c45,ok_cached,200,application/json,data/input/governance/anchors/gov_action1mr0qdz2jmagvsch6r08fhqvq6vu8jakt4c8m9s7ea7z0p740vntqq4yjd6j-20260625T113100Z.bin,5638dce7b2360cdea8ba04ae975fecebfdff0051b809581fbd27037b92dee950,32633,2026-07-11T11:30:14Z,,ipfs://QmdWtCCvK6CJUzP4SFiuL5W8hg3eNr5LyngJHnwjoNxJey,0
gov_action1fdatlfcdnzzcw5x9pnt9r42v992nqw65zze57s8tyk0jll78eyusqccn9gc,https://ipfs.io/ipfs/QmT8VE8KBqPUYRpev2jybiMENhPrDh9gwjoNW9Pmgw4ffj,f7ec2c08c624012b41fc101a8da8687e5bc7d395bf39467b14e11e7387362735,ok_cached,200,application/json,data/input/governance/anchors/gov_action1fdatlfcdnzzcw5x9pnt9r42v992nqw65zze57s8tyk0jll78eyusqccn9gc-20260625T113100Z.bin,b54ba382d2bf11de5812af92f8a1936fcd412509e7769011d26307ac1a951d4b,13081,2026-07-11T11:30:14Z,,ipfs://QmT8VE8KBqPUYRpev2jybiMENhPrDh9gwjoNW9Pmgw4ffj,0
gov_action12sumv9qky4pkenmqp7gshv9nxqdk9zyn8gkd77fewkyy3t5tnxtsq457vgq,https://ipfs.io/ipfs/QmYiT1K8KUr5wvAEkuLmiFJm79oy9pZ8CB3PbToAUePDYp,775d70c9fc9589ee2531e1e7b9ed3f6d9a3ff1e0a600fb35dce5412b60bbd275,ok_cached,200,application/json,data/input/governance/anchors/gov_action12sumv9qky4pkenmqp7gshv9nxqdk9zyn8gkd77fewkyy3t5tnxtsq457vgq-20260627T113103Z.bin,a4019acaf7058cc1722cd830f8e86e00f8a974efa599ff2c3c5819713d186c36,28837,2026-07-11T11:30:14Z,,ipfs://QmYiT1K8KUr5wvAEkuLmiFJm79oy9pZ8CB3PbToAUePDYp,0
d8de068952df50c862fa1bce9b8180d3387976cbae0fb2c3d9ef84f0faaf64d6#0,https://ipfs.io/ipfs/QmdWtCCvK6CJUzP4SFiuL5W8hg3eNr5LyngJHnwjoNxJey,d53fb4d05888001d60d03f5bca438f9cff434c441a9743d5ba898c3a17464c45,ok_cached,200,application/json,data/input/governance/anchors/gov_action1mr0qdz2jmagvsch6r08fhqvq6vu8jakt4c8m9s7ea7z0p740vntqq4yjd6j-20260625T113100Z.bin,5638dce7b2360cdea8ba04ae975fecebfdff0051b809581fbd27037b92dee950,32633,2026-07-11T11:30:14Z,,ipfs://QmdWtCCvK6CJUzP4SFiuL5W8hg3eNr5LyngJHnwjoNxJey,0
5439b6141625436ccf600f910bb0b3301b6288933a2cdf7939758848ae8b9997#0,https://ipfs.io/ipfs/QmYiT1K8KUr5wvAEkuLmiFJm79oy9pZ8CB3PbToAUePDYp,775d70c9fc9589ee2531e1e7b9ed3f6d9a3ff1e0a600fb35dce5412b60bbd275,ok_cached,200,application/json,data/input/governance/anchors/gov_action12sumv9qky4pkenmqp7gshv9nxqdk9zyn8gkd77fewkyy3t5tnxtsq457vgq-20260627T113103Z.bin,a4019acaf7058cc1722cd830f8e86e00f8a974efa599ff2c3c5819713d186c36,28837,2026-07-11T11:30:14Z,,ipfs://QmYiT1K8KUr5wvAEkuLmiFJm79oy9pZ8CB3PbToAUePDYp,0
4b7abfa70d98858750c50cd651d54c2955303b5410b34f40eb259f2fffc7c939#0,https://ipfs.io/ipfs/QmT8VE8KBqPUYRpev2jybiMENhPrDh9gwjoNW9Pmgw4ffj,f7ec2c08c624012b41fc101a8da8687e5bc7d395bf39467b14e11e7387362735,ok_cached,200,application/json,data/input/governance/anchors/gov_action1fdatlfcdnzzcw5x9pnt9r42v992nqw65zze57s8tyk0jll78eyusqccn9gc-20260625T113100Z.bin,b54ba382d2bf11de5812af92f8a1936fcd412509e7769011d26307ac1a951d4b,13081,2026-07-11T11:30:14Z,,ipfs://QmT8VE8KBqPUYRpev2jybiMENhPrDh9gwjoNW9Pmgw4ffj,0
35b44189eb4795d5775122da52a3a115753f83fd662dd1ff205ea633fc99b34e#0,https://ipfs.io/ipfs/QmYVmiR5xqF5kTW55EazGVsC5rsBxPno94m1sDu4SFndMc,1a25307b01b45cc3a13a33c21a9048a0c7672178f776d36154f78ac7b289fb1c,ok_cached,200,application/json,data/input/governance/anchors/gov_action1xk6yrz0tg72a2a63ytd99gapz46nlqlavckarleqt6nr8lyekd8qqp0ga3d-20260625T113100Z.bin,43934d3d5d83db7e22ba1f5467213f7664b817607355a2ddd27246b1190b0fe5,27771,2026-07-11T11:30:14Z,,ipfs://QmYVmiR5xqF5kTW55EazGVsC5rsBxPno94m1sDu4SFndMc,0
0f75dd11be0b7a6cb4b305a175b17cf4b60cd307c052fccabf9f572950e70583#0,https://raw.githubusercontent.com/sundial-protocol/alchemy-proposal/d5460de0ed4af81602c44b65567dd8a54cf1c61c/data.jsonld,c267ddd7a68d723104c27ab9e9101b9cdc2b767496fb3d7cbd6b947a1917214e,ok_cached,200,text/plain; charset=utf-8,data/input/governance/anchors/gov_action1pa6a6yd7pdaxed9nqkshtvtu7jmqe5c8cpf0ej4lnatjj588qkpsq2x2sz2-20260624T113056Z.bin,95b1c7b82fc16070198efa280db9312dc7aa0a42fc8eb5b91a64daedf8cbec57,23136,2026-07-11T11:30:14Z,,https://raw.githubusercontent.com/sundial-protocol/alchemy-proposal/d5460de0ed4af81602c44b65567dd8a54cf1c61c/data.jsonld,0
gov_action1k02990lhw6wh74t7c6ufw3mqaek9ujtvyan99dj5qv5kvcs7pn8sztttste,https://ipfs.io/ipfs/bafkreie3kt3363c47zgywymkz6sb5ae7b7i5ljepn3pmhjdjlpwuwptngi,d0b8795def551d7ca7eafd6c19de85064d78dbea75cb924e5b7d41abf1025fff,ok_cached,200,application/json,data/input/governance/anchors/gov_action1k02990lhw6wh74t7c6ufw3mqaek9ujtvyan99dj5qv5kvcs7pn8sztttste-20260624T113057Z.bin,9b54f7bf6c5cfe4d8b618acfa41e809f0fd1d5a48f6edec3a4695bed4b3e6d32,13968,2026-07-11T11:30:14Z,,ipfs://bafkreie3kt3363c47zgywymkz6sb5ae7b7i5ljepn3pmhjdjlpwuwptngi,0
gov_action1k02990lhw6wh74t7c6ufw3mqaek9ujtvyan99dj5qv5kvcs7pn8syhyg4hw,https://ipfs.io/ipfs/bafkreidws5xwzccvn6lqlqroqmkdhob4uop6k7mvrrjbs5gaxskevkerbe,4c9c23982902b87120f15dcbfdd3c77e31fcfcfcefa1eab126f8e1e33ddd0ede,ok_cached,200,application/json,data/input/governance/anchors/gov_action1k02990lhw6wh74t7c6ufw3mqaek9ujtvyan99dj5qv5kvcs7pn8syhyg4hw-20260624T113057Z.bin,76976f6c88556f9705c22e831433b83ca39fe57d958c521974c0bc944aa89109,14896,2026-07-11T11:30:14Z,,ipfs://bafkreidws5xwzccvn6lqlqroqmkdhob4uop6k7mvrrjbs5gaxskevkerbe,0
gov_action1k02990lhw6wh74t7c6ufw3mqaek9ujtvyan99dj5qv5kvcs7pn8sxypfkyr,https://ipfs.io/ipfs/bafkreifcdcyszxluac2norfjt7shba7uycplnwrkzr2ebkbpdxvpwo6unq,396950b2c79b7ba5e312dbd432fa8e8a3e65f52856c512aab5ade4c638092f22,ok_cached,200,application/json,data/input/governance/anchors/gov_action1k02990lhw6wh74t7c6ufw3mqaek9ujtvyan99dj5qv5kvcs7pn8sxypfkyr-20260624T113057Z.bin,a218b12cdd7400b4d744a99fe47083f4c09eb6da2acc7440a82f1deafb3bd46c,19836,2026-07-11T11:30:14Z,,ipfs://bafkreifcdcyszxluac2norfjt7shba7uycplnwrkzr2ebkbpdxvpwo6unq,0
gov_action1k02990lhw6wh74t7c6ufw3mqaek9ujtvyan99dj5qv5kvcs7pn8sw64d667,https://ipfs.io/ipfs/bafkreicf3r76m64xzy4jqhfbbhmzwpjz2qcw7q27hzjm3r7eo24lbxr7li,61d9b3fc86cca0f4a4e388ada992d8d90caf7168ee7c9fe661fae414f547e844,ok_cached,200,application/json,data/input/governance/anchors/gov_action1k02990lhw6wh74t7c6ufw3mqaek9ujtvyan99dj5qv5kvcs7pn8sw64d667-20260624T113057Z.bin,45dc7fe67b97ce38981ca109d99b3d39d4056fc35f3e52cdc7e476b8b0de3f5a,14107,2026-07-11T11:30:14Z,,ipfs://bafkreicf3r76m64xzy4jqhfbbhmzwpjz2qcw7q27hzjm3r7eo24lbxr7li,0
gov_action1k02990lhw6wh74t7c6ufw3mqaek9ujtvyan99dj5qv5kvcs7pn8svfsvefn,https://ipfs.io/ipfs/bafkreidixjkquc6xtimbbdwet2klabcdzbt6kduktlca2ywl3slpqlgx2q,7ef041d793612ddcf163127fcdb33d4188330f77fa283bda449481a47314e3f6,ok_cached,200,application/json,data/input/governance/anchors/gov_action1k02990lhw6wh74t7c6ufw3mqaek9ujtvyan99dj5qv5kvcs7pn8svfsvefn-20260624T113057Z.bin,68ba550a0bd79a18108ec49e94b00443c867e50e8a9ac40d62cbdc96f82cd7d4,15700,2026-07-11T11:30:14Z,,ipfs://bafkreidixjkquc6xtimbbdwet2klabcdzbt6kduktlca2ywl3slpqlgx2q,0
gov_action1k02990lhw6wh74t7c6ufw3mqaek9ujtvyan99dj5qv5kvcs7pn8ssd0ztd8,https://ipfs.io/ipfs/bafkreicg6l7ug42xjsai4p7smkwqt4ly4zuzy65weenhiwehgub7mcbg4i,fdad51adb75ed4039af0c86b1048c38d82c54b2d14af001ca8f1b592cf6e8c11,ok_cached,200,application/json,data/input/governance/anchors/gov_action1k02990lhw6wh74t7c6ufw3mqaek9ujtvyan99dj5qv5kvcs7pn8ssd0ztd8-20260624T113057Z.bin,46f2ff4373574c808e3ff262ad09f178e6699c7bb6211a7458873503f60826e2,13938,2026-07-11T11:30:14Z,,ipfs://bafkreicg6l7ug42xjsai4p7smkwqt4ly4zuzy65weenhiwehgub7mcbg4i,0
gov_action1k02990lhw6wh74t7c6ufw3mqaek9ujtvyan99dj5qv5kvcs7pn8sqcw2nc5,https://ipfs.io/ipfs/bafkreie2tzzdv7w4b2rplt3ng47abfyutra2agiyqdlxvgexpljdvkaezm,7026fbe6411338673aa859e31bce8ae707566eff26de9b290db70d06e59b258f,ok_cached,200,application/json,data/input/governance/anchors/gov_action1k02990lhw6wh74t7c6ufw3mqaek9ujtvyan99dj5qv5kvcs7pn8sqcw2nc5-20260624T113057Z.bin,9a9e723afedc0ea2f5cf6d373e0097149c41a0191880d77a98977ad23aa804cb,13893,2026-07-11T11:30:14Z,,ipfs://bafkreie2tzzdv7w4b2rplt3ng47abfyutra2agiyqdlxvgexpljdvkaezm,0
gov_action1k02990lhw6wh74t7c6ufw3mqaek9ujtvyan99dj5qv5kvcs7pn8sj72rg72,https://ipfs.io/ipfs/bafkreidzymldukq7tuixvvwpwdqizfuz3pgtuon4b46pwjdciuxsordbue,9bae52227b542364950023dcbd958f4198443a55d2a3cb4bf6f75fdd7888555f,ok_cached,200,application/json,data/input/governance/anchors/gov_action1k02990lhw6wh74t7c6ufw3mqaek9ujtvyan99dj5qv5kvcs7pn8sj72rg72-20260624T113057Z.bin,79c3163a2a1f9d117ad6cfb0e08c9699dbcd3a39bc0f3cfb2462452f274461a1,15285,2026-07-11T11:30:14Z,,ipfs://bafkreidzymldukq7tuixvvwpwdqizfuz3pgtuon4b46pwjdciuxsordbue,0
gov_action1k02990lhw6wh74t7c6ufw3mqaek9ujtvyan99dj5qv5kvcs7pn8sgx6wlxf,https://ipfs.io/ipfs/bafkreibk6uedirxck6snc6lozidgc77gu322rvdn572xjfpt6iyql4qe6i,9130db2497759698cad480adb9784ad83387936d4aa7652dcf85104f03ff94ba,ok_cached,200,application/json,data/input/governance/anchors/gov_action1k02990lhw6wh74t7c6ufw3mqaek9ujtvyan99dj5qv5kvcs7pn8sgx6wlxf-20260624T113057Z.bin,2af5083446e257a4d1796eca06617fe6a6f5a8d46deff57495f3f23105f204f2,17710,2026-07-11T11:30:14Z,,ipfs://bafkreibk6uedirxck6snc6lozidgc77gu322rvdn572xjfpt6iyql4qe6i,0
gov_action1k02990lhw6wh74t7c6ufw3mqaek9ujtvyan99dj5qv5kvcs7pn8s5z9qdza,https://ipfs.io/ipfs/bafkreie4xwthsxjris2oc6sbmhspo757t6zdnyiyd6o4d7zyxs6vh5bzmy,bd2b580b8a5e047ae066a4e9e906a3780c95f2d0cc6ec5b69074e12734bf683b,ok_cached,200,application/json,data/input/governance/anchors/gov_action1k02990lhw6wh74t7c6ufw3mqaek9ujtvyan99dj5qv5kvcs7pn8s5z9qdza-20260624T113057Z.bin,9cbda6795d3144b4e17a4161e4f77fbf9fb236e1181f9dc1ff38bcbd53f43966,14173,2026-07-11T11:30:14Z,,ipfs://bafkreie4xwthsxjris2oc6sbmhspo757t6zdnyiyd6o4d7zyxs6vh5bzmy,0
gov_action1k02990lhw6wh74t7c6ufw3mqaek9ujtvyan99dj5qv5kvcs7pn8s24l0u4y,https://ipfs.io/ipfs/bafkreibk6hukcc2ou2aabwau6a6xcaqn7mwo2vj2wzpk723yxlmdn2dcra,c8700afb0a090e80de6e3924e97b160ea174ecab35bfe2d786ad26c47cd1a0fb,ok_cached,200,application/json,data/input/governance/anchors/gov_action1k02990lhw6wh74t7c6ufw3mqaek9ujtvyan99dj5qv5kvcs7pn8s24l0u4y-20260624T113057Z.bin,2af1e8a10b4ea68000d814f03d71020dfb2ced553ab65eafeb78bad836e86288,12836,2026-07-11T11:30:14Z,,ipfs://bafkreibk6hukcc2ou2aabwau6a6xcaqn7mwo2vj2wzpk723yxlmdn2dcra,0
b3d452bff7769d7f557ec6b8974760ee6c5e496c276652b654032966621e0ccf#9,https://ipfs.io/ipfs/bafkreidzymldukq7tuixvvwpwdqizfuz3pgtuon4b46pwjdciuxsordbue,9bae52227b542364950023dcbd958f4198443a55d2a3cb4bf6f75fdd7888555f,ok_cached,200,application/json,data/input/governance/anchors/gov_action1k02990lhw6wh74t7c6ufw3mqaek9ujtvyan99dj5qv5kvcs7pn8sj72rg72-20260624T113057Z.bin,79c3163a2a1f9d117ad6cfb0e08c9699dbcd3a39bc0f3cfb2462452f274461a1,15285,2026-07-11T11:30:14Z,,ipfs://bafkreidzymldukq7tuixvvwpwdqizfuz3pgtuon4b46pwjdciuxsordbue,0
b3d452bff7769d7f557ec6b8974760ee6c5e496c276652b654032966621e0ccf#8,https://ipfs.io/ipfs/bafkreicg6l7ug42xjsai4p7smkwqt4ly4zuzy65weenhiwehgub7mcbg4i,fdad51adb75ed4039af0c86b1048c38d82c54b2d14af001ca8f1b592cf6e8c11,ok_cached,200,application/json,data/input/governance/anchors/gov_action1k02990lhw6wh74t7c6ufw3mqaek9ujtvyan99dj5qv5kvcs7pn8ssd0ztd8-20260624T113057Z.bin,46f2ff4373574c808e3ff262ad09f178e6699c7bb6211a7458873503f60826e2,13938,2026-07-11T11:30:14Z,,ipfs://bafkreicg6l7ug42xjsai4p7smkwqt4ly4zuzy65weenhiwehgub7mcbg4i,0
b3d452bff7769d7f557ec6b8974760ee6c5e496c276652b654032966621e0ccf#7,https://ipfs.io/ipfs/bafkreicf3r76m64xzy4jqhfbbhmzwpjz2qcw7q27hzjm3r7eo24lbxr7li,61d9b3fc86cca0f4a4e388ada992d8d90caf7168ee7c9fe661fae414f547e844,ok_cached,200,application/json,data/input/governance/anchors/gov_action1k02990lhw6wh74t7c6ufw3mqaek9ujtvyan99dj5qv5kvcs7pn8sw64d667-20260624T113057Z.bin,45dc7fe67b97ce38981ca109d99b3d39d4056fc35f3e52cdc7e476b8b0de3f5a,14107,2026-07-11T11:30:14Z,,ipfs://bafkreicf3r76m64xzy4jqhfbbhmzwpjz2qcw7q27hzjm3r7eo24lbxr7li,0
b3d452bff7769d7f557ec6b8974760ee6c5e496c276652b654032966621e0ccf#6,https://ipfs.io/ipfs/bafkreidixjkquc6xtimbbdwet2klabcdzbt6kduktlca2ywl3slpqlgx2q,7ef041d793612ddcf163127fcdb33d4188330f77fa283bda449481a47314e3f6,ok_cached,200,application/json,data/input/governance/anchors/gov_action1k02990lhw6wh74t7c6ufw3mqaek9ujtvyan99dj5qv5kvcs7pn8svfsvefn-20260624T113057Z.bin,68ba550a0bd79a18108ec49e94b00443c867e50e8a9ac40d62cbdc96f82cd7d4,15700,2026-07-11T11:30:14Z,,ipfs://bafkreidixjkquc6xtimbbdwet2klabcdzbt6kduktlca2ywl3slpqlgx2q,0
b3d452bff7769d7f557ec6b8974760ee6c5e496c276652b654032966621e0ccf#5,https://ipfs.io/ipfs/bafkreibk6hukcc2ou2aabwau6a6xcaqn7mwo2vj2wzpk723yxlmdn2dcra,c8700afb0a090e80de6e3924e97b160ea174ecab35bfe2d786ad26c47cd1a0fb,ok_cached,200,application/json,data/input/governance/anchors/gov_action1k02990lhw6wh74t7c6ufw3mqaek9ujtvyan99dj5qv5kvcs7pn8s24l0u4y-20260624T113057Z.bin,2af1e8a10b4ea68000d814f03d71020dfb2ced553ab65eafeb78bad836e86288,12836,2026-07-11T11:30:14Z,,ipfs://bafkreibk6hukcc2ou2aabwau6a6xcaqn7mwo2vj2wzpk723yxlmdn2dcra,0
b3d452bff7769d7f557ec6b8974760ee6c5e496c276652b654032966621e0ccf#4,https://ipfs.io/ipfs/bafkreibk6uedirxck6snc6lozidgc77gu322rvdn572xjfpt6iyql4qe6i,9130db2497759698cad480adb9784ad83387936d4aa7652dcf85104f03ff94ba,ok_cached,200,application/json,data/input/governance/anchors/gov_action1k02990lhw6wh74t7c6ufw3mqaek9ujtvyan99dj5qv5kvcs7pn8sgx6wlxf-20260624T113057Z.bin,2af5083446e257a4d1796eca06617fe6a6f5a8d46deff57495f3f23105f204f2,17710,2026-07-11T11:30:14Z,,ipfs://bafkreibk6uedirxck6snc6lozidgc77gu322rvdn572xjfpt6iyql4qe6i,0
b3d452bff7769d7f557ec6b8974760ee6c5e496c276652b654032966621e0ccf#3,https://ipfs.io/ipfs/bafkreifcdcyszxluac2norfjt7shba7uycplnwrkzr2ebkbpdxvpwo6unq,396950b2c79b7ba5e312dbd432fa8e8a3e65f52856c512aab5ade4c638092f22,ok_cached,200,application/json,data/input/governance/anchors/gov_action1k02990lhw6wh74t7c6ufw3mqaek9ujtvyan99dj5qv5kvcs7pn8sxypfkyr-20260624T113057Z.bin,a218b12cdd7400b4d744a99fe47083f4c09eb6da2acc7440a82f1deafb3bd46c,19836,2026-07-11T11:30:14Z,,ipfs://bafkreifcdcyszxluac2norfjt7shba7uycplnwrkzr2ebkbpdxvpwo6unq,0
b3d452bff7769d7f557ec6b8974760ee6c5e496c276652b654032966621e0ccf#2,https://ipfs.io/ipfs/bafkreidws5xwzccvn6lqlqroqmkdhob4uop6k7mvrrjbs5gaxskevkerbe,4c9c23982902b87120f15dcbfdd3c77e31fcfcfcefa1eab126f8e1e33ddd0ede,ok_cached,200,application/json,data/input/governance/anchors/gov_action1k02990lhw6wh74t7c6ufw3mqaek9ujtvyan99dj5qv5kvcs7pn8syhyg4hw-20260624T113057Z.bin,76976f6c88556f9705c22e831433b83ca39fe57d958c521974c0bc944aa89109,14896,2026-07-11T11:30:14Z,,ipfs://bafkreidws5xwzccvn6lqlqroqmkdhob4uop6k7mvrrjbs5gaxskevkerbe,0
b3d452bff7769d7f557ec6b8974760ee6c5e496c276652b654032966621e0ccf#10,https://ipfs.io/ipfs/bafkreie4xwthsxjris2oc6sbmhspo757t6zdnyiyd6o4d7zyxs6vh5bzmy,bd2b580b8a5e047ae066a4e9e906a3780c95f2d0cc6ec5b69074e12734bf683b,ok_cached,200,application/json,data/input/governance/anchors/gov_action1k02990lhw6wh74t7c6ufw3mqaek9ujtvyan99dj5qv5kvcs7pn8s5z9qdza-20260624T113057Z.bin,9cbda6795d3144b4e17a4161e4f77fbf9fb236e1181f9dc1ff38bcbd53f43966,14173,2026-07-11T11:30:14Z,,ipfs://bafkreie4xwthsxjris2oc6sbmhspo757t6zdnyiyd6o4d7zyxs6vh5bzmy,0
b3d452bff7769d7f557ec6b8974760ee6c5e496c276652b654032966621e0ccf#1,https://ipfs.io/ipfs/bafkreie3kt3363c47zgywymkz6sb5ae7b7i5ljepn3pmhjdjlpwuwptngi,d0b8795def551d7ca7eafd6c19de85064d78dbea75cb924e5b7d41abf1025fff,ok_cached,200,application/json,data/input/governance/anchors/gov_action1k02990lhw6wh74t7c6ufw3mqaek9ujtvyan99dj5qv5kvcs7pn8sztttste-20260624T113057Z.bin,9b54f7bf6c5cfe4d8b618acfa41e809f0fd1d5a48f6edec3a4695bed4b3e6d32,13968,2026-07-11T11:30:14Z,,ipfs://bafkreie3kt3363c47zgywymkz6sb5ae7b7i5ljepn3pmhjdjlpwuwptngi,0
b3d452bff7769d7f557ec6b8974760ee6c5e496c276652b654032966621e0ccf#0,https://ipfs.io/ipfs/bafkreie2tzzdv7w4b2rplt3ng47abfyutra2agiyqdlxvgexpljdvkaezm,7026fbe6411338673aa859e31bce8ae707566eff26de9b290db70d06e59b258f,ok_cached,200,application/json,data/input/governance/anchors/gov_action1k02990lhw6wh74t7c6ufw3mqaek9ujtvyan99dj5qv5kvcs7pn8sqcw2nc5-20260624T113057Z.bin,9a9e723afedc0ea2f5cf6d373e0097149c41a0191880d77a98977ad23aa804cb,13893,2026-07-11T11:30:14Z,,ipfs://bafkreie2tzzdv7w4b2rplt3ng47abfyutra2agiyqdlxvgexpljdvkaezm,0
gov_action1suskjc6c4nw58c6wtmv77xe79gwj47wp4gvh9cqhhxujwxmam3cqqkz5nwj,https://ipfs.io/ipfs/QmYM4nuNZTVMiMmvCr7mntct7YE1VgWyLgxGhyfWptgFgC,14534696e4b6c02f210e50dc4813ee8d5a5518837bbff82cb4f180599c4b0bcc,ok_cached,200,application/json,data/input/governance/anchors/gov_action1suskjc6c4nw58c6wtmv77xe79gwj47wp4gvh9cqhhxujwxmam3cqqkz5nwj-20260619T113033Z.bin,98113f1fc9e82436147ed44d2542d2e1b15e71756578e32622dee22b7e5f2680,19707,2026-07-11T11:30:14Z,,ipfs://QmYM4nuNZTVMiMmvCr7mntct7YE1VgWyLgxGhyfWptgFgC,0
gov_action1lwudrf9g66mzlrxhq62y5pvzhzzv9wgps7u04kne202udge7kknsqlgmhse,https://ipfs.io/ipfs/QmQ6cDaLLeBMnf1zio7Xn8jV8uTUk68tPirx5uKH6HLr3L,8021a950826f251399495e5d370c4998723dd7dca2457b06c15ef218ba93df6a,ok_cached,200,application/json,data/input/governance/anchors/gov_action1lwudrf9g66mzlrxhq62y5pvzhzzv9wgps7u04kne202udge7kknsqlgmhse-20260616T113030Z.bin,2f053756779e2cf3bf4665d04d7294c6862393d40dbcf288bce84a41084b2090,20050,2026-07-11T11:30:14Z,,ipfs://QmQ6cDaLLeBMnf1zio7Xn8jV8uTUk68tPirx5uKH6HLr3L,0
gov_action1lh2x3kjucjkggvwu6l3txggkvmrnhs3flpv8j35lvlcan4gax3xsq3cxfjc,https://ipfs.io/ipfs/bafkreib3ds3bj7izvspcmodz543m5y66slpcmoifzmvpl6xvq6mozaak64,7f683eaf65629963cdc726e0cb7d3be295eb586fc5ba93985878f98e29cee897,ok_cached,200,application/json,data/input/governance/anchors/gov_action1lh2x3kjucjkggvwu6l3txggkvmrnhs3flpv8j35lvlcan4gax3xsq3cxfjc-20260617T113036Z.bin,3b1cb614fd19ac9e263879ef36cee3de92de263905cb2af5faf58798ec800af7,23788,2026-07-11T11:30:14Z,,ipfs://bafkreib3ds3bj7izvspcmodz543m5y66slpcmoifzmvpl6xvq6mozaak64,0
fdd468da5cc4ac8431dcd7e2b3211666c73bc229f85879469f67f1d9d51d344d#0,https://ipfs.io/ipfs/bafkreib3ds3bj7izvspcmodz543m5y66slpcmoifzmvpl6xvq6mozaak64,7f683eaf65629963cdc726e0cb7d3be295eb586fc5ba93985878f98e29cee897,ok_cached,200,application/json,data/input/governance/anchors/gov_action1lh2x3kjucjkggvwu6l3txggkvmrnhs3flpv8j35lvlcan4gax3xsq3cxfjc-20260617T113036Z.bin,3b1cb614fd19ac9e263879ef36cee3de92de263905cb2af5faf58798ec800af7,23788,2026-07-11T11:30:14Z,,ipfs://bafkreib3ds3bj7izvspcmodz543m5y66slpcmoifzmvpl6xvq6mozaak64,0
fbb8d1a4a8d6b62f8cd706944a0582b884c2b90187b8fada7953d5c6a33eb5a7#0,https://ipfs.io/ipfs/QmQ6cDaLLeBMnf1zio7Xn8jV8uTUk68tPirx5uKH6HLr3L,8021a950826f251399495e5d370c4998723dd7dca2457b06c15ef218ba93df6a,ok_cached,200,application/json,data/input/governance/anchors/gov_action1lwudrf9g66mzlrxhq62y5pvzhzzv9wgps7u04kne202udge7kknsqlgmhse-20260616T113030Z.bin,2f053756779e2cf3bf4665d04d7294c6862393d40dbcf288bce84a41084b2090,20050,2026-07-11T11:30:14Z,,ipfs://QmQ6cDaLLeBMnf1zio7Xn8jV8uTUk68tPirx5uKH6HLr3L,0
8721696358acdd43e34e5ed9ef1b3e2a1d2af9c1aa1972e017b9b9271b7ddc70#0,https://ipfs.io/ipfs/QmYM4nuNZTVMiMmvCr7mntct7YE1VgWyLgxGhyfWptgFgC,14534696e4b6c02f210e50dc4813ee8d5a5518837bbff82cb4f180599c4b0bcc,ok_cached,200,application/json,data/input/governance/anchors/gov_action1suskjc6c4nw58c6wtmv77xe79gwj47wp4gvh9cqhhxujwxmam3cqqkz5nwj-20260619T113033Z.bin,98113f1fc9e82436147ed44d2542d2e1b15e71756578e32622dee22b7e5f2680,19707,2026-07-11T11:30:14Z,,ipfs://QmYM4nuNZTVMiMmvCr7mntct7YE1VgWyLgxGhyfWptgFgC,0
gov_action1t5ap7etluvct2x69nj5mfqhurgakuvekyflcsrv2qkrhrs378n3qq3z2c22,https://raw.githubusercontent.com/AGT-T/RTG/refs/heads/main/data.jsonld,7a6249ed06feef4edda1e6ff190dd40f9165004fb08febe8477c0f1d14d7243b,ok_cached,200,text/plain; charset=utf-8,data/input/governance/anchors/gov_action1t5ap7etluvct2x69nj5mfqhurgakuvekyflcsrv2qkrhrs378n3qq3z2c22-20260615T152518Z.bin,f0ad812499a8a1bf2385c52b796d020ab006972ba15d4c91c417b12885eeb306,8406,2026-07-11T11:30:14Z,,https://raw.githubusercontent.com/AGT-T/RTG/refs/heads/main/data.jsonld,0
gov_action1654yj97lf7guxsh27phtknq2tsc4dajp95fh7vrucaltjy0502csq7qtkhq,https://most-brass-sun.quicknode-ipfs.com/ipfs/QmSy2CiQhPBzzNLKDFVvMQaDb1FQDbmn9bJf6fVntVAQ1t,abaf67cde8defc914712009094cd3805bcf8911d3fa79c6edfd6c975dcf9d471,ok_cached,200,application/json,data/input/governance/anchors/gov_action1654yj97lf7guxsh27phtknq2tsc4dajp95fh7vrucaltjy0502csq7qtkhq-20260615T152518Z.bin,c2705f5116cc7c0c6c3a2a84d83c377ab118d24ae54a25aa4e5d6ba570f38515,4649,2026-07-11T11:30:14Z,,https://most-brass-sun.quicknode-ipfs.com/ipfs/QmSy2CiQhPBzzNLKDFVvMQaDb1FQDbmn9bJf6fVntVAQ1t,0
d52a4917df4f91c342eaf06ebb4c0a5c3156f6412d137f307cc77eb911f47ab1#0,https://most-brass-sun.quicknode-ipfs.com/ipfs/QmSy2CiQhPBzzNLKDFVvMQaDb1FQDbmn9bJf6fVntVAQ1t,abaf67cde8defc914712009094cd3805bcf8911d3fa79c6edfd6c975dcf9d471,ok_cached,200,application/json,data/input/governance/anchors/gov_action1654yj97lf7guxsh27phtknq2tsc4dajp95fh7vrucaltjy0502csq7qtkhq-20260615T152518Z.bin,c2705f5116cc7c0c6c3a2a84d83c377ab118d24ae54a25aa4e5d6ba570f38515,4649,2026-07-11T11:30:14Z,,https://most-brass-sun.quicknode-ipfs.com/ipfs/QmSy2CiQhPBzzNLKDFVvMQaDb1FQDbmn9bJf6fVntVAQ1t,0
5d3a1f657fe330b51b459ca9b482fc1a3b6e3336227f880d8a058771c23e3ce2#0,https://raw.githubusercontent.com/AGT-T/RTG/refs/heads/main/data.jsonld,7a6249ed06feef4edda1e6ff190dd40f9165004fb08febe8477c0f1d14d7243b,ok_cached,200,text/plain; charset=utf-8,data/input/governance/anchors/gov_action1t5ap7etluvct2x69nj5mfqhurgakuvekyflcsrv2qkrhrs378n3qq3z2c22-20260615T152518Z.bin,f0ad812499a8a1bf2385c52b796d020ab006972ba15d4c91c417b12885eeb306,8406,2026-07-11T11:30:14Z,,https://raw.githubusercontent.com/AGT-T/RTG/refs/heads/main/data.jsonld,0
gov_action1fah9m7dxu99af8jqdc4mkrgs3va790nyh9tfhycq2wsvrm47p4rsqtcm6ry,https://ipfs.io/ipfs/QmYaPeha2PvacQxAwt5ZRsunGGgVbNwgDzu9pxLWA8zS9d,63c39f9f8f03cb38e3f465b8e338a5ea0c2cb148c6d38bb01b88d52934cc71f3,ok_cached,200,application/json,data/input/governance/anchors/gov_action1fah9m7dxu99af8jqdc4mkrgs3va790nyh9tfhycq2wsvrm47p4rsqtcm6ry-20260615T152518Z.bin,28c46a967de76bf1430d86557393b6a112d0b8631759e6a7d85d054452d74fee,42623,2026-07-11T11:30:14Z,,ipfs://QmYaPeha2PvacQxAwt5ZRsunGGgVbNwgDzu9pxLWA8zS9d,0
gov_action1cadmygtqv6r64pvwezw859wg36wpwp209cz94cc7ej9fdp7dyphqq58n5ur,https://ipfs.io/ipfs/bafkreidbxerdwxxntmmr6qvjvquyla3qbwhk3flfqjbm3d5lj2ubxfk3aq,8c7c510c1c959d5c587de268350ce9275af45a05f5774c15fd424b924e18e749,ok_cached,200,application/json,data/input/governance/anchors/gov_action1cadmygtqv6r64pvwezw859wg36wpwp209cz94cc7ej9fdp7dyphqq58n5ur-20260615T152519Z.bin,61b9223b5eed9b191f42a9ac298583700d8ead95658242cd8fab4ea81b955b04,18525,2026-07-11T11:30:14Z,,ipfs://bafkreidbxerdwxxntmmr6qvjvquyla3qbwhk3flfqjbm3d5lj2ubxfk3aq,0
c75bb221606687aa858ec89c7a15c88e9c17054f2e045ae31ecc8a9687cd206e#0,https://ipfs.io/ipfs/bafkreidbxerdwxxntmmr6qvjvquyla3qbwhk3flfqjbm3d5lj2ubxfk3aq,8c7c510c1c959d5c587de268350ce9275af45a05f5774c15fd424b924e18e749,ok_cached,200,application/json,data/input/governance/anchors/gov_action1cadmygtqv6r64pvwezw859wg36wpwp209cz94cc7ej9fdp7dyphqq58n5ur-20260615T152519Z.bin,61b9223b5eed9b191f42a9ac298583700d8ead95658242cd8fab4ea81b955b04,18525,2026-07-11T11:30:14Z,,ipfs://bafkreidbxerdwxxntmmr6qvjvquyla3qbwhk3flfqjbm3d5lj2ubxfk3aq,0
4f6e5df9a6e14bd49e406e2bbb0d108b3be2be64b9569b930053a0c1eebe0d47#0,https://ipfs.io/ipfs/QmYaPeha2PvacQxAwt5ZRsunGGgVbNwgDzu9pxLWA8zS9d,63c39f9f8f03cb38e3f465b8e338a5ea0c2cb148c6d38bb01b88d52934cc71f3,ok_cached,200,application/json,data/input/governance/anchors/gov_action1fah9m7dxu99af8jqdc4mkrgs3va790nyh9tfhycq2wsvrm47p4rsqtcm6ry-20260615T152518Z.bin,28c46a967de76bf1430d86557393b6a112d0b8631759e6a7d85d054452d74fee,42623,2026-07-11T11:30:14Z,,ipfs://QmYaPeha2PvacQxAwt5ZRsunGGgVbNwgDzu9pxLWA8zS9d,0
gov_action1zljrlljt9cxlz7ra2nep43nxg0r54wcnrgexyuhuam9ah0ws607qq2vcg4x,https://ipfs.io/ipfs/bafkreieyqnaojdv7rofmwd6pndv3j6uuho6cnyyjcowbk5p5x2ux4e744e,9d641b574e37161ee340bb765801c08a7cf5a4996401f1bd43553312505eec7c,ok_cached,200,application/json,data/input/governance/anchors/gov_action1zljrlljt9cxlz7ra2nep43nxg0r54wcnrgexyuhuam9ah0ws607qq2vcg4x-20260615T152519Z.bin,988340e48ebf8b8acb0fcf68ebb4fa943bbc26e30913ac1575fdbea97e13fce1,15054,2026-07-11T11:30:14Z,,ipfs://bafkreieyqnaojdv7rofmwd6pndv3j6uuho6cnyyjcowbk5p5x2ux4e744e,0
17e43ffe4b2e0df1787d54f21ac66643c74abb131a326272fceecbdbbdd0d3fc#0,https://ipfs.io/ipfs/bafkreieyqnaojdv7rofmwd6pndv3j6uuho6cnyyjcowbk5p5x2ux4e744e,9d641b574e37161ee340bb765801c08a7cf5a4996401f1bd43553312505eec7c,ok_cached,200,application/json,data/input/governance/anchors/gov_action1zljrlljt9cxlz7ra2nep43nxg0r54wcnrgexyuhuam9ah0ws607qq2vcg4x-20260615T152519Z.bin,988340e48ebf8b8acb0fcf68ebb4fa943bbc26e30913ac1575fdbea97e13fce1,15054,2026-07-11T11:30:14Z,,ipfs://bafkreieyqnaojdv7rofmwd6pndv3j6uuho6cnyyjcowbk5p5x2ux4e744e,0
gov_action1eqhnsdyf3exhp5mqt7sdjtl7xy69wqg8tvg854psns2jt72cra3qqrcnr8r,https://ipfs.io/ipfs/bafkreie4ykbbk6rjpiqqjcqhubk3b2yrzgvpntm4ozopx2ospendufvhyu,828cf92b170812446820c9f393446a2daf7d7e47d5f87354fe9f9e21a2635fb4,ok_cached,200,application/json,data/input/governance/anchors/gov_action1eqhnsdyf3exhp5mqt7sdjtl7xy69wqg8tvg854psns2jt72cra3qqrcnr8r-20260615T152519Z.bin,9cc282157a297a21048a07a055b0eb11c9aaf6cd9c765cfbe9d2791a3a16a7c5,78709,2026-07-11T11:30:14Z,,ipfs://bafkreie4ykbbk6rjpiqqjcqhubk3b2yrzgvpntm4ozopx2ospendufvhyu,0
gov_action18a9sytyez02jl8ee4ryz5xu7heg587m5tu6nr7fkd3ex30umnnjqq27e7ey,https://ipfs.io/ipfs/bafkreifbqd4hblfoi24clcyg4kzr4o2nivgprtaj7hi4uqdnjrvdz3rsfq,0b26f47137d669af9776bf74076388d1952f8a0451bad655653b4e42dbf50c3e,ok_cached,200,application/json,data/input/governance/anchors/gov_action18a9sytyez02jl8ee4ryz5xu7heg587m5tu6nr7fkd3ex30umnnjqq27e7ey-20260615T152519Z.bin,a180f870acae46b8258b06e2b31e3b4d454cf8cc09f9d1ca406d4c6a3cee322c,39615,2026-07-11T11:30:14Z,,ipfs://bafkreifbqd4hblfoi24clcyg4kzr4o2nivgprtaj7hi4uqdnjrvdz3rsfq,0
c82f3834898e4d70d3605fa0d92ffe31345701075b107a54309c1525f9581f62#0,https://ipfs.io/ipfs/bafkreie4ykbbk6rjpiqqjcqhubk3b2yrzgvpntm4ozopx2ospendufvhyu,828cf92b170812446820c9f393446a2daf7d7e47d5f87354fe9f9e21a2635fb4,ok_cached,200,application/json,data/input/governance/anchors/gov_action1eqhnsdyf3exhp5mqt7sdjtl7xy69wqg8tvg854psns2jt72cra3qqrcnr8r-20260615T152519Z.bin,9cc282157a297a21048a07a055b0eb11c9aaf6cd9c765cfbe9d2791a3a16a7c5,78709,2026-07-11T11:30:14Z,,ipfs://bafkreie4ykbbk6rjpiqqjcqhubk3b2yrzgvpntm4ozopx2ospendufvhyu,0
3f4b022c9913d52f9f39a8c82a1b9ebe5143fb745f3531f9366c7268bf9b9ce4#0,https://ipfs.io/ipfs/bafkreifbqd4hblfoi24clcyg4kzr4o2nivgprtaj7hi4uqdnjrvdz3rsfq,0b26f47137d669af9776bf74076388d1952f8a0451bad655653b4e42dbf50c3e,ok_cached,200,application/json,data/input/governance/anchors/gov_action18a9sytyez02jl8ee4ryz5xu7heg587m5tu6nr7fkd3ex30umnnjqq27e7ey-20260615T152519Z.bin,a180f870acae46b8258b06e2b31e3b4d454cf8cc09f9d1ca406d4c6a3cee322c,39615,2026-07-11T11:30:14Z,,ipfs://bafkreifbqd4hblfoi24clcyg4kzr4o2nivgprtaj7hi4uqdnjrvdz3rsfq,0
gov_action1cp0w6zwgwpj98jtu3r2q838lgwmhs6j49l58zx4q05lx220lmzaqqztnljz,https://ipfs.io/ipfs/bafkreia3kwal45bb6ivjxzqohw6yvwkeiximblnfccsribzdny3mfb6fy4,83eef9359829e69e233a165f98d263ee7bb0ce7b7ff3fb6132698d46da4c0bf0,ok_cached,200,application/json,data/input/governance/anchors/gov_action1cp0w6zwgwpj98jtu3r2q838lgwmhs6j49l58zx4q05lx220lmzaqqztnljz-20260615T152519Z.bin,1b5580be7421f22a9be60e3dbd8ad94445d0c0ada510a51407236e36c287c5c7,28398,2026-07-11T11:30:14Z,,ipfs://bafkreia3kwal45bb6ivjxzqohw6yvwkeiximblnfccsribzdny3mfb6fy4,0
gov_action142ndnn9hycuuwld5ddemash2l709ln06qjgfeudq77z45nf3fpdqqn7pwux,https://ipfs.io/ipfs/QmbLLQDmduuWJNESHtWXqFCKXTL6g8PvchzmMx7QavkeYS,b940ba7ba4e390036bb5a4ca51e6eafdb33efd8a1e7daab239b8b313665025e1,ok_cached,200,application/json,data/input/governance/anchors/gov_action142ndnn9hycuuwld5ddemash2l709ln06qjgfeudq77z45nf3fpdqqn7pwux-20260615T152520Z.bin,bc056f40c2eb8885ccb6128d05bf3f5e2c67901ae4aebb9d9ecb0ce26336c204,30973,2026-07-11T11:30:14Z,,ipfs://QmbLLQDmduuWJNESHtWXqFCKXTL6g8PvchzmMx7QavkeYS,0
c05eed09c8706453c97c88d403c4ff43b7786a552fe8711aa07d3e6529ffd8ba#0,https://ipfs.io/ipfs/bafkreia3kwal45bb6ivjxzqohw6yvwkeiximblnfccsribzdny3mfb6fy4,83eef9359829e69e233a165f98d263ee7bb0ce7b7ff3fb6132698d46da4c0bf0,ok_cached,200,application/json,data/input/governance/anchors/gov_action1cp0w6zwgwpj98jtu3r2q838lgwmhs6j49l58zx4q05lx220lmzaqqztnljz-20260615T152519Z.bin,1b5580be7421f22a9be60e3dbd8ad94445d0c0ada510a51407236e36c287c5c7,28398,2026-07-11T11:30:14Z,,ipfs://bafkreia3kwal45bb6ivjxzqohw6yvwkeiximblnfccsribzdny3mfb6fy4,0
aaa6d9ccb72639c77db46b73bec2eaff9e5fcdfa04909cf1a0f7855a4d31485a#0,https://ipfs.io/ipfs/QmbLLQDmduuWJNESHtWXqFCKXTL6g8PvchzmMx7QavkeYS,b940ba7ba4e390036bb5a4ca51e6eafdb33efd8a1e7daab239b8b313665025e1,ok_cached,200,application/json,data/input/governance/anchors/gov_action142ndnn9hycuuwld5ddemash2l709ln06qjgfeudq77z45nf3fpdqqn7pwux-20260615T152520Z.bin,bc056f40c2eb8885ccb6128d05bf3f5e2c67901ae4aebb9d9ecb0ce26336c204,30973,2026-07-11T11:30:14Z,,ipfs://QmbLLQDmduuWJNESHtWXqFCKXTL6g8PvchzmMx7QavkeYS,0
gov_action1ngpqafax5rvp8lcgey4asvqtycrh4e56fwp8cn2r9trx2ysryhtsqdm3w3z,https://ipfs.io/ipfs/QmWmEKFTae7Q12HUeVyMui6ReCuTXRx55W6eahBGn9ECgn,d07ca099d9b18c459f57c1502365ad74ef0b674cc2c83a64d18b4762084fc50d,ok_cached,200,application/json,data/input/governance/anchors/gov_action1ngpqafax5rvp8lcgey4asvqtycrh4e56fwp8cn2r9trx2ysryhtsqdm3w3z-20260615T152520Z.bin,6efe97bfc90a59b991c10cd3c94a8ce3774ecf6bc0cf1b12863d8160962379e9,18312,2026-07-11T11:30:14Z,,ipfs://QmWmEKFTae7Q12HUeVyMui6ReCuTXRx55W6eahBGn9ECgn,0
9a020ea7a6a0d813ff08c92bd8300b26077ae69a4b827c4d432ac665120325d7#0,https://ipfs.io/ipfs/QmWmEKFTae7Q12HUeVyMui6ReCuTXRx55W6eahBGn9ECgn,d07ca099d9b18c459f57c1502365ad74ef0b674cc2c83a64d18b4762084fc50d,ok_cached,200,application/json,data/input/governance/anchors/gov_action1ngpqafax5rvp8lcgey4asvqtycrh4e56fwp8cn2r9trx2ysryhtsqdm3w3z-20260615T152520Z.bin,6efe97bfc90a59b991c10cd3c94a8ce3774ecf6bc0cf1b12863d8160962379e9,18312,2026-07-11T11:30:14Z,,ipfs://QmWmEKFTae7Q12HUeVyMui6ReCuTXRx55W6eahBGn9ECgn,0
gov_action1uzgqlh049u0j7epel29r425vyf9ttxmqwngw9kemyly0q6cwt5esqpwp09a,https://ipfs.io/ipfs/QmPuukXDGrY4VjeprLZhovQfWCY5RDyXjQAPUKhRFNPiDT,f5df943e70635c794b09a93e52e7ec9b80855edc5bfa31bf2d5a068377a5478e,ok_cached,200,application/json,data/input/governance/anchors/gov_action1uzgqlh049u0j7epel29r425vyf9ttxmqwngw9kemyly0q6cwt5esqpwp09a-20260615T152521Z.bin,40337c88ca0e7b826f7afa522011c728a1b04e4a8dc70b02353a8a979843b098,93890,2026-07-11T11:30:14Z,,ipfs://QmPuukXDGrY4VjeprLZhovQfWCY5RDyXjQAPUKhRFNPiDT,0
gov_action1pv7g8d0x9f3kqw2gcfrmgl8aqy38jat05wx0wwcvdsvuuclss6xqqhpzemv,https://ipfs.io/ipfs/QmP76MXJwp19ZAcX8soUPyh5jcvMoK1DoLbxAJT9LLRhDK,a16e91e5306eb4ccbbd6aed238e1bae823acd7b560b67e756234718f6a6a749d,ok_cached,200,application/json,data/input/governance/anchors/gov_action1pv7g8d0x9f3kqw2gcfrmgl8aqy38jat05wx0wwcvdsvuuclss6xqqhpzemv-20260615T152521Z.bin,8f4b28ce8102083370692ebd4e3cf92ce33e831b4340cb06a803e3c7da702e20,39860,2026-07-11T11:30:14Z,,ipfs://QmP76MXJwp19ZAcX8soUPyh5jcvMoK1DoLbxAJT9LLRhDK,0
e0900fddf52f1f2f6439fa8a3aaa8c224ab59b6074d0e2db3b27c8f06b0e5d33#0,https://ipfs.io/ipfs/QmPuukXDGrY4VjeprLZhovQfWCY5RDyXjQAPUKhRFNPiDT,f5df943e70635c794b09a93e52e7ec9b80855edc5bfa31bf2d5a068377a5478e,ok_cached,200,application/json,data/input/governance/anchors/gov_action1uzgqlh049u0j7epel29r425vyf9ttxmqwngw9kemyly0q6cwt5esqpwp09a-20260615T152521Z.bin,40337c88ca0e7b826f7afa522011c728a1b04e4a8dc70b02353a8a979843b098,93890,2026-07-11T11:30:14Z,,ipfs://QmPuukXDGrY4VjeprLZhovQfWCY5RDyXjQAPUKhRFNPiDT,0
0b3c83b5e62a63603948c247b47cfd012279756fa38cf73b0c6c19ce63f0868c#0,https://ipfs.io/ipfs/QmP76MXJwp19ZAcX8soUPyh5jcvMoK1DoLbxAJT9LLRhDK,a16e91e5306eb4ccbbd6aed238e1bae823acd7b560b67e756234718f6a6a749d,ok_cached,200,application/json,data/input/governance/anchors/gov_action1pv7g8d0x9f3kqw2gcfrmgl8aqy38jat05wx0wwcvdsvuuclss6xqqhpzemv-20260615T152521Z.bin,8f4b28ce8102083370692ebd4e3cf92ce33e831b4340cb06a803e3c7da702e20,39860,2026-07-11T11:30:14Z,,ipfs://QmP76MXJwp19ZAcX8soUPyh5jcvMoK1DoLbxAJT9LLRhDK,0
gov_action1ttgs45ulfxs0jwkfrecystc3flduhszmyzk8wnd7yw5za77tsg9qq4afmus,https://ipfs.io/ipfs/Qmd1pXncVGaAwaZEBcDQqyj9jLjixk2mRpBwpuf24occP9,2c41545f23960ca21db103ef869de2ddd32a0d187f8e8ed55b6d4cf595fbd2af,ok_cached,200,application/json,data/input/governance/anchors/gov_action1ttgs45ulfxs0jwkfrecystc3flduhszmyzk8wnd7yw5za77tsg9qq4afmus-20260615T152521Z.bin,9238d2d3e918ed68c3af1c32ecfcb180a2e9c9f10f76ae937a1d1ddcfd21f1ff,100523,2026-07-11T11:30:14Z,,ipfs://Qmd1pXncVGaAwaZEBcDQqyj9jLjixk2mRpBwpuf24occP9,0
gov_action1guz68e8zkwphcdc8wnp40cclkv92qgnel7xnffmsmp2ljp09qtwqq596k4c,https://ipfs.io/ipfs/QmbQPrRhUUtvqNitu9mgC8esM3kXmR5iHGhEkLX1UZaLDy,444fb6a73db89d873a028eae85ce645f06965487901050bd46f6cacd8565eccc,ok_cached,200,application/json,data/input/governance/anchors/gov_action1guz68e8zkwphcdc8wnp40cclkv92qgnel7xnffmsmp2ljp09qtwqq596k4c-20260615T152521Z.bin,02da9ccd05a3ce16db664bdcff2b4a66feb302697f9d7f324ead14c4088d5219,39600,2026-07-11T11:30:14Z,,ipfs://QmbQPrRhUUtvqNitu9mgC8esM3kXmR5iHGhEkLX1UZaLDy,0
gov_action1ggr2uz7prwn5l84cdn2krwngfez0p7wluy4u3u3ez9pz5ls2whesqnsjly8,https://ipfs.io/ipfs/QmYJynuvpv1mY7yWDL763LcscHrFSCAW9d8SvCDf4BRdHK,3f8536caece1c7fed0f1a1d29f2ea893a6a7f592be4f1f906b363dbfdacc6544,ok_cached,200,application/json,data/input/governance/anchors/gov_action1ggr2uz7prwn5l84cdn2krwngfez0p7wluy4u3u3ez9pz5ls2whesqnsjly8-20260615T152521Z.bin,e1112a8a78bd5445b2b053ce59e42b28756e95628fa1c499bc455eca15ee842b,41859,2026-07-11T11:30:14Z,,ipfs://QmYJynuvpv1mY7yWDL763LcscHrFSCAW9d8SvCDf4BRdHK,0
5ad10ad39f49a0f93ac91e70482f114fdbcbc05b20ac774dbe23a82efbcb820a#0,https://ipfs.io/ipfs/Qmd1pXncVGaAwaZEBcDQqyj9jLjixk2mRpBwpuf24occP9,2c41545f23960ca21db103ef869de2ddd32a0d187f8e8ed55b6d4cf595fbd2af,ok_cached,200,application/json,data/input/governance/anchors/gov_action1ttgs45ulfxs0jwkfrecystc3flduhszmyzk8wnd7yw5za77tsg9qq4afmus-20260615T152521Z.bin,9238d2d3e918ed68c3af1c32ecfcb180a2e9c9f10f76ae937a1d1ddcfd21f1ff,100523,2026-07-11T11:30:14Z,,ipfs://Qmd1pXncVGaAwaZEBcDQqyj9jLjixk2mRpBwpuf24occP9,0
4705a3e4e2b3837c370774c357e31fb30aa02279ff8d34a770d855f905e502dc#0,https://ipfs.io/ipfs/QmbQPrRhUUtvqNitu9mgC8esM3kXmR5iHGhEkLX1UZaLDy,444fb6a73db89d873a028eae85ce645f06965487901050bd46f6cacd8565eccc,ok_cached,200,application/json,data/input/governance/anchors/gov_action1guz68e8zkwphcdc8wnp40cclkv92qgnel7xnffmsmp2ljp09qtwqq596k4c-20260615T152521Z.bin,02da9ccd05a3ce16db664bdcff2b4a66feb302697f9d7f324ead14c4088d5219,39600,2026-07-11T11:30:14Z,,ipfs://QmbQPrRhUUtvqNitu9mgC8esM3kXmR5iHGhEkLX1UZaLDy,0
4206ae0bc11ba74f9eb86cd561ba684e44f0f9dfe12bc8f23911422a7e0a75f3#0,https://ipfs.io/ipfs/QmYJynuvpv1mY7yWDL763LcscHrFSCAW9d8SvCDf4BRdHK,3f8536caece1c7fed0f1a1d29f2ea893a6a7f592be4f1f906b363dbfdacc6544,ok_cached,200,application/json,data/input/governance/anchors/gov_action1ggr2uz7prwn5l84cdn2krwngfez0p7wluy4u3u3ez9pz5ls2whesqnsjly8-20260615T152521Z.bin,e1112a8a78bd5445b2b053ce59e42b28756e95628fa1c499bc455eca15ee842b,41859,2026-07-11T11:30:14Z,,ipfs://QmYJynuvpv1mY7yWDL763LcscHrFSCAW9d8SvCDf4BRdHK,0
gov_action1kj6ghzuz9wcq88f3y72cyyeekdcemlq0dqk4zpjd4eck5assuypqq0pckkw,https://ipfs.io/ipfs/bafkreifl24qjwnj4qa2vqaun3wfwg7z4lzcgg3okdpdbqoa4oiouwfwdsi,a235127bf795ab8f141a9e115f79fe9102ed5ec086135ea0c3e087b9e2d61a92,ok_cached,200,application/json,data/input/governance/anchors/gov_action1kj6ghzuz9wcq88f3y72cyyeekdcemlq0dqk4zpjd4eck5assuypqq0pckkw-20260615T152522Z.bin,abd7209b353c803558028ddd8b637f3c5e44636dca1bc618381c721d4b16c392,35529,2026-07-11T11:30:14Z,,ipfs://bafkreifl24qjwnj4qa2vqaun3wfwg7z4lzcgg3okdpdbqoa4oiouwfwdsi,0
gov_action19avrmrhm0gqa4qwlgvh4vxj6nwe02ay42h828cva2zt6n0asddfqqtgph5d,https://most-brass-sun.quicknode-ipfs.com/ipfs/QmSNGYbjMQfb8tMvPtqi5bdMeXsV5M27iFecFvddWmC8xL,41cb4bddb2f3babf90b23edc7a070b436b2b68e85c90024759a7b51e65070e76,ok_cached,200,application/json,data/input/governance/anchors/gov_action19avrmrhm0gqa4qwlgvh4vxj6nwe02ay42h828cva2zt6n0asddfqqtgph5d-20260615T152522Z.bin,fefd555a12d7b112547d12838fe70012b7dac876c8d047131983921b8ee0be2b,28241,2026-07-11T11:30:14Z,,https://most-brass-sun.quicknode-ipfs.com/ipfs/QmSNGYbjMQfb8tMvPtqi5bdMeXsV5M27iFecFvddWmC8xL,0
gov_action18u8lpkzge2csxe3plynn9lh4agwtv3nrqkyfwalwj4ykjv7l68jqqzmul9z,https://ipfs.io/ipfs/bafkreibmdzs4o5samwbjct7j6ufjbvqfyqj7yudgrklnb2yi3yznle3yae,0a6073c78fa07d0f8cd0db57a47b8e0e4569b906c80051a77afb28bac23ff119,ok_cached,200,application/json,data/input/governance/anchors/gov_action18u8lpkzge2csxe3plynn9lh4agwtv3nrqkyfwalwj4ykjv7l68jqqzmul9z-20260615T152522Z.bin,2c1e65c776406582914fe9f50a90d605c413fc50668a96d0eb08de32d5937801,34825,2026-07-11T11:30:14Z,,ipfs://bafkreibmdzs4o5samwbjct7j6ufjbvqfyqj7yudgrklnb2yi3yznle3yae,0
gov_action14u26vcn3wmcnhc5pqrt6494ypugr7c7f3e2ns60r32cntl6zjtxsqqgeu8p,https://ipfs.io/ipfs/bafkreifdoitcxw4anxadosoqi5y5ny647hym4u62gpyvkkuyg7wpnq6gbi,7771fcc347a1d28888a0b53fa84821302f0259449d3327de693dbe66295e9b60,ok_cached,200,application/json,data/input/governance/anchors/gov_action14u26vcn3wmcnhc5pqrt6494ypugr7c7f3e2ns60r32cntl6zjtxsqqgeu8p-20260615T152522Z.bin,a372262bdb806dc03749d04771d6e3dcf9f0ce53da33f1552a9837ecf6c3c60a,19048,2026-07-11T11:30:14Z,,ipfs://bafkreifdoitcxw4anxadosoqi5y5ny647hym4u62gpyvkkuyg7wpnq6gbi,0
b4b48b8b822bb0039d312795821339b3719dfc0f682d51064dae716a7610e102#0,https://ipfs.io/ipfs/bafkreifl24qjwnj4qa2vqaun3wfwg7z4lzcgg3okdpdbqoa4oiouwfwdsi,a235127bf795ab8f141a9e115f79fe9102ed5ec086135ea0c3e087b9e2d61a92,ok_cached,200,application/json,data/input/governance/anchors/gov_action1kj6ghzuz9wcq88f3y72cyyeekdcemlq0dqk4zpjd4eck5assuypqq0pckkw-20260615T152522Z.bin,abd7209b353c803558028ddd8b637f3c5e44636dca1bc618381c721d4b16c392,35529,2026-07-11T11:30:14Z,,ipfs://bafkreifl24qjwnj4qa2vqaun3wfwg7z4lzcgg3okdpdbqoa4oiouwfwdsi,0
af15a6627176f13be28100d7aa96a40f103f63c98e553869e38ab135ff4292cd#0,https://ipfs.io/ipfs/bafkreifdoitcxw4anxadosoqi5y5ny647hym4u62gpyvkkuyg7wpnq6gbi,7771fcc347a1d28888a0b53fa84821302f0259449d3327de693dbe66295e9b60,ok_cached,200,application/json,data/input/governance/anchors/gov_action14u26vcn3wmcnhc5pqrt6494ypugr7c7f3e2ns60r32cntl6zjtxsqqgeu8p-20260615T152522Z.bin,a372262bdb806dc03749d04771d6e3dcf9f0ce53da33f1552a9837ecf6c3c60a,19048,2026-07-11T11:30:14Z,,ipfs://bafkreifdoitcxw4anxadosoqi5y5ny647hym4u62gpyvkkuyg7wpnq6gbi,0
3f0ff0d848cab1036621f92732fef5ea1cb6466305889777ee95496933dfd1e4#0,https://ipfs.io/ipfs/bafkreibmdzs4o5samwbjct7j6ufjbvqfyqj7yudgrklnb2yi3yznle3yae,0a6073c78fa07d0f8cd0db57a47b8e0e4569b906c80051a77afb28bac23ff119,ok_cached,200,application/json,data/input/governance/anchors/gov_action18u8lpkzge2csxe3plynn9lh4agwtv3nrqkyfwalwj4ykjv7l68jqqzmul9z-20260615T152522Z.bin,2c1e65c776406582914fe9f50a90d605c413fc50668a96d0eb08de32d5937801,34825,2026-07-11T11:30:14Z,,ipfs://bafkreibmdzs4o5samwbjct7j6ufjbvqfyqj7yudgrklnb2yi3yznle3yae,0
2f583d8efb7a01da81df432f561a5a9bb2f5749555cea3e19d5097a9bfb06b52#0,https://most-brass-sun.quicknode-ipfs.com/ipfs/QmSNGYbjMQfb8tMvPtqi5bdMeXsV5M27iFecFvddWmC8xL,41cb4bddb2f3babf90b23edc7a070b436b2b68e85c90024759a7b51e65070e76,ok_cached,200,application/json,data/input/governance/anchors/gov_action19avrmrhm0gqa4qwlgvh4vxj6nwe02ay42h828cva2zt6n0asddfqqtgph5d-20260615T152522Z.bin,fefd555a12d7b112547d12838fe70012b7dac876c8d047131983921b8ee0be2b,28241,2026-07-11T11:30:14Z,,https://most-brass-sun.quicknode-ipfs.com/ipfs/QmSNGYbjMQfb8tMvPtqi5bdMeXsV5M27iFecFvddWmC8xL,0
gov_action10dp9wzmgt2nqshyrghufff4sfhcxedhmzluly5k0azguatnsthwqqs84cjf,https://ipfs.io/ipfs/QmQeNSMNUDWy75tgjPLqqUXDN7YvkVH6GS8iHx6P8adCAy,62f5924317b9b984417db994f1a011a362fbfb36a01745e445ddd55033c75aea,ok_cached,200,application/json,data/input/governance/anchors/gov_action10dp9wzmgt2nqshyrghufff4sfhcxedhmzluly5k0azguatnsthwqqs84cjf-20260615T152522Z.bin,0678153c70f59acb46f466da2b0ba8ece770838d7fb8356a33b4417d010ec1be,1236169,2026-07-11T11:30:14Z,,ipfs://QmQeNSMNUDWy75tgjPLqqUXDN7YvkVH6GS8iHx6P8adCAy,0
7b42570b685aa6085c8345f894a6b04df06cb6fb17f9f252cfe891ceae705ddc#0,https://ipfs.io/ipfs/QmQeNSMNUDWy75tgjPLqqUXDN7YvkVH6GS8iHx6P8adCAy,62f5924317b9b984417db994f1a011a362fbfb36a01745e445ddd55033c75aea,ok_cached,200,application/json,data/input/governance/anchors/gov_action10dp9wzmgt2nqshyrghufff4sfhcxedhmzluly5k0azguatnsthwqqs84cjf-20260615T152522Z.bin,0678153c70f59acb46f466da2b0ba8ece770838d7fb8356a33b4417d010ec1be,1236169,2026-07-11T11:30:14Z,,ipfs://QmQeNSMNUDWy75tgjPLqqUXDN7YvkVH6GS8iHx6P8adCAy,0
gov_action1w0shrfxqwv95kk0v4cn34wylz25a2cmqkq5jpc0e2yrahhqava3qz6es0cp,https://ipfs.io/ipfs/QmeNzwKE9bMyr65E4Dxtvoji7WBbazXUVykqQWq1pHXZvQ,2289200a99552eb3cc4fba5791a0d8c700adf48f3f84ad3d039b781d6c1cd871,ok_cached,200,application/json,data/input/governance/anchors/gov_action1w0shrfxqwv95kk0v4cn34wylz25a2cmqkq5jpc0e2yrahhqava3qz6es0cp-20260615T152522Z.bin,4b62b6b8bb7276dddb5b3d0f5c39a900879e31eaa2b10959eada3854dc231187,34282,2026-07-11T11:30:14Z,,ipfs://QmeNzwKE9bMyr65E4Dxtvoji7WBbazXUVykqQWq1pHXZvQ,0
gov_action1w0shrfxqwv95kk0v4cn34wylz25a2cmqkq5jpc0e2yrahhqava3qyxkn2yk,https://ipfs.io/ipfs/QmNqVt8X1EX9iJJXGaEeiZ5nbePL91NkZcoVedpn6gfKWA,7e7429d87f72ee877611e5eef4a47bfcadf0f4ac8a31bef1836ba5f4262090c4,ok_cached,200,application/json,data/input/governance/anchors/gov_action1w0shrfxqwv95kk0v4cn34wylz25a2cmqkq5jpc0e2yrahhqava3qyxkn2yk-20260615T152522Z.bin,bfb9832d61dc2d1fea1f3d541d6a9f07bc6406d1c78285991da7a99b14bc7436,28225,2026-07-11T11:30:14Z,,ipfs://QmNqVt8X1EX9iJJXGaEeiZ5nbePL91NkZcoVedpn6gfKWA,0
gov_action1w0shrfxqwv95kk0v4cn34wylz25a2cmqkq5jpc0e2yrahhqava3qx4njfhm,https://ipfs.io/ipfs/QmZMFAZvCxW6HpRC1EKzNcensJv9N89yzKPn7uRTTJdTpx,bbde992f94812865a7e3aa79539701cd695d87e5f16a9f4709f642968ff47643,ok_cached,200,application/json,data/input/governance/anchors/gov_action1w0shrfxqwv95kk0v4cn34wylz25a2cmqkq5jpc0e2yrahhqava3qx4njfhm-20260615T152523Z.bin,560f517c58ece0450d0fc117eb3381e70c477040c087f46a663fdec22edf9d84,29402,2026-07-11T11:30:14Z,,ipfs://QmZMFAZvCxW6HpRC1EKzNcensJv9N89yzKPn7uRTTJdTpx,0
gov_action1w0shrfxqwv95kk0v4cn34wylz25a2cmqkq5jpc0e2yrahhqava3qwt8k9fx,https://ipfs.io/ipfs/QmSaGx6WutdwLgfsw34JyawNf1a7XuK1YchEerdKSp8EkT,ffbccd777e4340f16e9af02587404c47488afa14a68ba5a209ec768eec54969b,ok_cached,200,application/json,data/input/governance/anchors/gov_action1w0shrfxqwv95kk0v4cn34wylz25a2cmqkq5jpc0e2yrahhqava3qwt8k9fx-20260615T152523Z.bin,f119497392a396f436602154a0b18f18b7e04656ac080033a14ab35eb9722bc5,25235,2026-07-11T11:30:14Z,,ipfs://QmSaGx6WutdwLgfsw34JyawNf1a7XuK1YchEerdKSp8EkT,0
gov_action1w0shrfxqwv95kk0v4cn34wylz25a2cmqkq5jpc0e2yrahhqava3qvczhx6t,https://ipfs.io/ipfs/QmPkZ6Azo1tJfWVRjwn8G1Qk7k1SC3Vk3L21WFPSracCzg,4017fa52b940d6b6545266e03532c9becb2f1681d4c0429a2d06d256dfd8eba4,ok_cached,200,application/json,data/input/governance/anchors/gov_action1w0shrfxqwv95kk0v4cn34wylz25a2cmqkq5jpc0e2yrahhqava3qvczhx6t-20260615T152523Z.bin,8ae0a06849d8084e082618ad8eff1145fa302a7d950897ae4377e467b6a93378,39054,2026-07-11T11:30:14Z,,ipfs://QmPkZ6Azo1tJfWVRjwn8G1Qk7k1SC3Vk3L21WFPSracCzg,0
gov_action1w0shrfxqwv95kk0v4cn34wylz25a2cmqkq5jpc0e2yrahhqava3qsuae57l,https://ipfs.io/ipfs/QmVdGh1cXgsMXGRS7mzxurxtkaqhU7VJMjx4piNSSHrBs2,32e2975fc7645b394806fc26651f558bb90a20705a606298633c66f8c6798168,ok_cached,200,application/json,data/input/governance/anchors/gov_action1w0shrfxqwv95kk0v4cn34wylz25a2cmqkq5jpc0e2yrahhqava3qsuae57l-20260615T152523Z.bin,1bd6995c365cf24b2133efd63c3a4e7c6566c5ff9422f26317ed0da8135e2134,56288,2026-07-11T11:30:14Z,,ipfs://QmVdGh1cXgsMXGRS7mzxurxtkaqhU7VJMjx4piNSSHrBs2,0
gov_action1w0shrfxqwv95kk0v4cn34wylz25a2cmqkq5jpc0e2yrahhqava3qqfu3vtv,https://ipfs.io/ipfs/QmUnSimkwuaXX357ugYxDkiUMzsKTYgcWvV74xWbiXUt3Y,5864e230297cf40299a62138c1df3b84c12d76d1f5b2ce8b4452a14a702b1dc0,ok_cached,200,application/json,data/input/governance/anchors/gov_action1w0shrfxqwv95kk0v4cn34wylz25a2cmqkq5jpc0e2yrahhqava3qqfu3vtv-20260615T152523Z.bin,005d1236e476b38fcb2fe8eac6f47be496b5bb68ea794d8667133c72d0cd8190,31755,2026-07-11T11:30:14Z,,ipfs://QmUnSimkwuaXX357ugYxDkiUMzsKTYgcWvV74xWbiXUt3Y,0
gov_action1w0shrfxqwv95kk0v4cn34wylz25a2cmqkq5jpc0e2yrahhqava3qghg4q43,https://ipfs.io/ipfs/Qmf3GSWna8PQFF2Vi5Css4R5pvGfaVUZ1zhCfHw9LqGKNV,0b69fa10260ceab9b24caee26e2d5a8f8850c6c81ea9b32f692aac24efcfa658,ok_cached,200,application/json,data/input/governance/anchors/gov_action1w0shrfxqwv95kk0v4cn34wylz25a2cmqkq5jpc0e2yrahhqava3qghg4q43-20260615T152523Z.bin,62ccf6b38419f5109010c5e56fa4d64810daaff6cd420c9f43539250d938ffcf,36698,2026-07-11T11:30:14Z,,ipfs://Qmf3GSWna8PQFF2Vi5Css4R5pvGfaVUZ1zhCfHw9LqGKNV,0
gov_action1w0shrfxqwv95kk0v4cn34wylz25a2cmqkq5jpc0e2yrahhqava3q2yd5rxu,https://ipfs.io/ipfs/QmfM3VRtGvpmxTDYrgGJoPSLW41SiNyeazfjusg98jrATS,8933e116ac2ca3561ca0a620c71061db939d5d984e151127079a483b438927cf,ok_cached,200,application/json,data/input/governance/anchors/gov_action1w0shrfxqwv95kk0v4cn34wylz25a2cmqkq5jpc0e2yrahhqava3q2yd5rxu-20260615T152523Z.bin,a9d5c116fba0693d884b128879880474744d592317677a58d6c1aab982fdf457,35128,2026-07-11T11:30:14Z,,ipfs://QmfM3VRtGvpmxTDYrgGJoPSLW41SiNyeazfjusg98jrATS,0
73e171a4c0730b4b59ecae271ab89f12a9d56360b02920e1f95107dbdc1d6762#8,https://ipfs.io/ipfs/QmVdGh1cXgsMXGRS7mzxurxtkaqhU7VJMjx4piNSSHrBs2,32e2975fc7645b394806fc26651f558bb90a20705a606298633c66f8c6798168,ok_cached,200,application/json,data/input/governance/anchors/gov_action1w0shrfxqwv95kk0v4cn34wylz25a2cmqkq5jpc0e2yrahhqava3qsuae57l-20260615T152523Z.bin,1bd6995c365cf24b2133efd63c3a4e7c6566c5ff9422f26317ed0da8135e2134,56288,2026-07-11T11:30:14Z,,ipfs://QmVdGh1cXgsMXGRS7mzxurxtkaqhU7VJMjx4piNSSHrBs2,0
73e171a4c0730b4b59ecae271ab89f12a9d56360b02920e1f95107dbdc1d6762#7,https://ipfs.io/ipfs/QmSaGx6WutdwLgfsw34JyawNf1a7XuK1YchEerdKSp8EkT,ffbccd777e4340f16e9af02587404c47488afa14a68ba5a209ec768eec54969b,ok_cached,200,application/json,data/input/governance/anchors/gov_action1w0shrfxqwv95kk0v4cn34wylz25a2cmqkq5jpc0e2yrahhqava3qwt8k9fx-20260615T152523Z.bin,f119497392a396f436602154a0b18f18b7e04656ac080033a14ab35eb9722bc5,25235,2026-07-11T11:30:14Z,,ipfs://QmSaGx6WutdwLgfsw34JyawNf1a7XuK1YchEerdKSp8EkT,0
73e171a4c0730b4b59ecae271ab89f12a9d56360b02920e1f95107dbdc1d6762#6,https://ipfs.io/ipfs/QmPkZ6Azo1tJfWVRjwn8G1Qk7k1SC3Vk3L21WFPSracCzg,4017fa52b940d6b6545266e03532c9becb2f1681d4c0429a2d06d256dfd8eba4,ok_cached,200,application/json,data/input/governance/anchors/gov_action1w0shrfxqwv95kk0v4cn34wylz25a2cmqkq5jpc0e2yrahhqava3qvczhx6t-20260615T152523Z.bin,8ae0a06849d8084e082618ad8eff1145fa302a7d950897ae4377e467b6a93378,39054,2026-07-11T11:30:14Z,,ipfs://QmPkZ6Azo1tJfWVRjwn8G1Qk7k1SC3Vk3L21WFPSracCzg,0
73e171a4c0730b4b59ecae271ab89f12a9d56360b02920e1f95107dbdc1d6762#5,https://ipfs.io/ipfs/QmfM3VRtGvpmxTDYrgGJoPSLW41SiNyeazfjusg98jrATS,8933e116ac2ca3561ca0a620c71061db939d5d984e151127079a483b438927cf,ok_cached,200,application/json,data/input/governance/anchors/gov_action1w0shrfxqwv95kk0v4cn34wylz25a2cmqkq5jpc0e2yrahhqava3q2yd5rxu-20260615T152523Z.bin,a9d5c116fba0693d884b128879880474744d592317677a58d6c1aab982fdf457,35128,2026-07-11T11:30:14Z,,ipfs://QmfM3VRtGvpmxTDYrgGJoPSLW41SiNyeazfjusg98jrATS,0
73e171a4c0730b4b59ecae271ab89f12a9d56360b02920e1f95107dbdc1d6762#4,https://ipfs.io/ipfs/Qmf3GSWna8PQFF2Vi5Css4R5pvGfaVUZ1zhCfHw9LqGKNV,0b69fa10260ceab9b24caee26e2d5a8f8850c6c81ea9b32f692aac24efcfa658,ok_cached,200,application/json,data/input/governance/anchors/gov_action1w0shrfxqwv95kk0v4cn34wylz25a2cmqkq5jpc0e2yrahhqava3qghg4q43-20260615T152523Z.bin,62ccf6b38419f5109010c5e56fa4d64810daaff6cd420c9f43539250d938ffcf,36698,2026-07-11T11:30:14Z,,ipfs://Qmf3GSWna8PQFF2Vi5Css4R5pvGfaVUZ1zhCfHw9LqGKNV,0
73e171a4c0730b4b59ecae271ab89f12a9d56360b02920e1f95107dbdc1d6762#3,https://ipfs.io/ipfs/QmZMFAZvCxW6HpRC1EKzNcensJv9N89yzKPn7uRTTJdTpx,bbde992f94812865a7e3aa79539701cd695d87e5f16a9f4709f642968ff47643,ok_cached,200,application/json,data/input/governance/anchors/gov_action1w0shrfxqwv95kk0v4cn34wylz25a2cmqkq5jpc0e2yrahhqava3qx4njfhm-20260615T152523Z.bin,560f517c58ece0450d0fc117eb3381e70c477040c087f46a663fdec22edf9d84,29402,2026-07-11T11:30:14Z,,ipfs://QmZMFAZvCxW6HpRC1EKzNcensJv9N89yzKPn7uRTTJdTpx,0
73e171a4c0730b4b59ecae271ab89f12a9d56360b02920e1f95107dbdc1d6762#2,https://ipfs.io/ipfs/QmNqVt8X1EX9iJJXGaEeiZ5nbePL91NkZcoVedpn6gfKWA,7e7429d87f72ee877611e5eef4a47bfcadf0f4ac8a31bef1836ba5f4262090c4,ok_cached,200,application/json,data/input/governance/anchors/gov_action1w0shrfxqwv95kk0v4cn34wylz25a2cmqkq5jpc0e2yrahhqava3qyxkn2yk-20260615T152522Z.bin,bfb9832d61dc2d1fea1f3d541d6a9f07bc6406d1c78285991da7a99b14bc7436,28225,2026-07-11T11:30:14Z,,ipfs://QmNqVt8X1EX9iJJXGaEeiZ5nbePL91NkZcoVedpn6gfKWA,0
73e171a4c0730b4b59ecae271ab89f12a9d56360b02920e1f95107dbdc1d6762#1,https://ipfs.io/ipfs/QmeNzwKE9bMyr65E4Dxtvoji7WBbazXUVykqQWq1pHXZvQ,2289200a99552eb3cc4fba5791a0d8c700adf48f3f84ad3d039b781d6c1cd871,ok_cached,200,application/json,data/input/governance/anchors/gov_action1w0shrfxqwv95kk0v4cn34wylz25a2cmqkq5jpc0e2yrahhqava3qz6es0cp-20260615T152522Z.bin,4b62b6b8bb7276dddb5b3d0f5c39a900879e31eaa2b10959eada3854dc231187,34282,2026-07-11T11:30:14Z,,ipfs://QmeNzwKE9bMyr65E4Dxtvoji7WBbazXUVykqQWq1pHXZvQ,0
73e171a4c0730b4b59ecae271ab89f12a9d56360b02920e1f95107dbdc1d6762#0,https://ipfs.io/ipfs/QmUnSimkwuaXX357ugYxDkiUMzsKTYgcWvV74xWbiXUt3Y,5864e230297cf40299a62138c1df3b84c12d76d1f5b2ce8b4452a14a702b1dc0,ok_cached,200,application/json,data/input/governance/anchors/gov_action1w0shrfxqwv95kk0v4cn34wylz25a2cmqkq5jpc0e2yrahhqava3qqfu3vtv-20260615T152523Z.bin,005d1236e476b38fcb2fe8eac6f47be496b5bb68ea794d8667133c72d0cd8190,31755,2026-07-11T11:30:14Z,,ipfs://QmUnSimkwuaXX357ugYxDkiUMzsKTYgcWvV74xWbiXUt3Y,0
gov_action1hkgl5l4fknsf7aktmcatkz6kfl7xpvn7rzh5vnxwexl0n3cc6zrsqt5459v,https://ipfs.io/ipfs/QmPZ6yDL62ms5ZGQfrPUXEDANrY9e2qrrzWVXRzbhJennk,c183fa5432c8f149aa9b4fe5b7e512a7e94474f804a4e1d4b3d2e561d32b6fb9,ok_cached,200,application/json,data/input/governance/anchors/gov_action1hkgl5l4fknsf7aktmcatkz6kfl7xpvn7rzh5vnxwexl0n3cc6zrsqt5459v-20260615T152523Z.bin,125b557426a9604968bd3681252be0ca86e27c17366680f19096e4cb6ce11d77,1300353,2026-07-11T11:30:14Z,,ipfs://QmPZ6yDL62ms5ZGQfrPUXEDANrY9e2qrrzWVXRzbhJennk,0
bd91fa7ea9b4e09f76cbde3abb0b564ffc60b27e18af464ccec9bef9c718d087#0,https://ipfs.io/ipfs/QmPZ6yDL62ms5ZGQfrPUXEDANrY9e2qrrzWVXRzbhJennk,c183fa5432c8f149aa9b4fe5b7e512a7e94474f804a4e1d4b3d2e561d32b6fb9,ok_cached,200,application/json,data/input/governance/anchors/gov_action1hkgl5l4fknsf7aktmcatkz6kfl7xpvn7rzh5vnxwexl0n3cc6zrsqt5459v-20260615T152523Z.bin,125b557426a9604968bd3681252be0ca86e27c17366680f19096e4cb6ce11d77,1300353,2026-07-11T11:30:14Z,,ipfs://QmPZ6yDL62ms5ZGQfrPUXEDANrY9e2qrrzWVXRzbhJennk,0
gov_action1ky2j077de82par6f0hny5q56rpnn5hh0csfhrpzeq3hsk7s6vetqquz3scv,https://ipfs.io/ipfs/QmNuDfoojLyBNqk7qEXjd4UvZUKRX5aALjRUydrrr1pxWb,09a9d51df80d12097227fc010657f190fb5d71fe75aa020335b04be07b8e3efd,ok_cached,200,application/json,data/input/governance/anchors/gov_action1ky2j077de82par6f0hny5q56rpnn5hh0csfhrpzeq3hsk7s6vetqquz3scv-20260615T152524Z.bin,e8fa0f45d81b5106130fab2141f414c4aef0a829b346047c9f6d949f4b22d7fd,31272,2026-07-11T11:30:14Z,,ipfs://QmNuDfoojLyBNqk7qEXjd4UvZUKRX5aALjRUydrrr1pxWb,0
b11527fbcdc9d41e8f497de64a029a18673a5eefc413718459046f0b7a1a6656#0,https://ipfs.io/ipfs/QmNuDfoojLyBNqk7qEXjd4UvZUKRX5aALjRUydrrr1pxWb,09a9d51df80d12097227fc010657f190fb5d71fe75aa020335b04be07b8e3efd,ok_cached,200,application/json,data/input/governance/anchors/gov_action1ky2j077de82par6f0hny5q56rpnn5hh0csfhrpzeq3hsk7s6vetqquz3scv-20260615T152524Z.bin,e8fa0f45d81b5106130fab2141f414c4aef0a829b346047c9f6d949f4b22d7fd,31272,2026-07-11T11:30:14Z,,ipfs://QmNuDfoojLyBNqk7qEXjd4UvZUKRX5aALjRUydrrr1pxWb,0
gov_action1k5vwlfrxtyusd2ec37tckd54gjvqn2kd72xj4t6wkkapdv7zfg0qq468n2r,https://ipfs.io/ipfs/QmV9raiDbx8cs5wspNT8EiX5ReusETusVerwQBSrmhrX8N,d03e71df06e67693e6b283a5921b124d9505546accec66872b35254d51bdb656,ok_cached,200,application/json,data/input/governance/anchors/gov_action1k5vwlfrxtyusd2ec37tckd54gjvqn2kd72xj4t6wkkapdv7zfg0qq468n2r-20260326T175205Z.bin,b45ac922debf28a70bc714396c3162b687e1ba4ca47df32f64de3d798d68cb4a,6433,2026-07-11T11:30:14Z,,ipfs://QmV9raiDbx8cs5wspNT8EiX5ReusETusVerwQBSrmhrX8N,0
b518efa466593906ab388f978b3695449809aacdf28d2aaf4eb5ba16b3c24a1e#0,https://ipfs.io/ipfs/QmV9raiDbx8cs5wspNT8EiX5ReusETusVerwQBSrmhrX8N,d03e71df06e67693e6b283a5921b124d9505546accec66872b35254d51bdb656,ok_cached,200,application/json,data/input/governance/anchors/gov_action1k5vwlfrxtyusd2ec37tckd54gjvqn2kd72xj4t6wkkapdv7zfg0qq468n2r-20260326T175205Z.bin,b45ac922debf28a70bc714396c3162b687e1ba4ca47df32f64de3d798d68cb4a,6433,2026-07-11T11:30:14Z,,ipfs://QmV9raiDbx8cs5wspNT8EiX5ReusETusVerwQBSrmhrX8N,0
gov_action13qr78nhrhetywapvx2wpm63y9uxpc2dc45zsu9gkncasxqhuhltqqqfu32x,https://ipfs.io/ipfs/QmPXYnQ65EuKCVPrWfDqFZmiF8Y4PzxZ87XrGs6UaMkNru,6dbc26337a16d950ae3704b0f88ed1e39b8aceb6a28d497ce73c357340d45d90,ok_cached,200,application/json,data/input/governance/anchors/gov_action13qr78nhrhetywapvx2wpm63y9uxpc2dc45zsu9gkncasxqhuhltqqqfu32x-20260326T175206Z.bin,e419d558779e3134b11eedbc76a548253fa83b758bc95ea754371f668b958c70,191283,2026-07-11T11:30:14Z,,ipfs://QmPXYnQ65EuKCVPrWfDqFZmiF8Y4PzxZ87XrGs6UaMkNru,0
8807e3cee3be5647742c329c1dea242f0c1c29b8ad050e15169e3b0302fcbfd6#0,https://ipfs.io/ipfs/QmPXYnQ65EuKCVPrWfDqFZmiF8Y4PzxZ87XrGs6UaMkNru,6dbc26337a16d950ae3704b0f88ed1e39b8aceb6a28d497ce73c357340d45d90,ok_cached,200,application/json,data/input/governance/anchors/gov_action13qr78nhrhetywapvx2wpm63y9uxpc2dc45zsu9gkncasxqhuhltqqqfu32x-20260326T175206Z.bin,e419d558779e3134b11eedbc76a548253fa83b758bc95ea754371f668b958c70,191283,2026-07-11T11:30:14Z,,ipfs://QmPXYnQ65EuKCVPrWfDqFZmiF8Y4PzxZ87XrGs6UaMkNru,0
gov_action1uhzd06a26qavzflvrx3gvcz6rzxkl6su2ns8t3seef5e8dl6nlgsqcgtufg,https://raw.githubusercontent.com/theeldermillenial/2025-liquidity-budget/f824da7f0c2dbab15e324d1736a967de87d34f7d/w1.jsonld,2b6d10884910aba1478c7e9b94207e54bd569eaea7262cff71df9d2053668f63,ok_cached,200,text/plain; charset=utf-8,data/input/governance/anchors/gov_action1uhzd06a26qavzflvrx3gvcz6rzxkl6su2ns8t3seef5e8dl6nlgsqcgtufg-20260326T175206Z.bin,eb4545cc737a769869c76fb8e9fd72a8f64e8e9130d3b94e8deec2d727273ed6,20357,2026-07-11T11:30:14Z,,https://raw.githubusercontent.com/theeldermillenial/2025-liquidity-budget/f824da7f0c2dbab15e324d1736a967de87d34f7d/w1.jsonld,0
gov_action17dfgtkeufcy945e3ssanqpmn09ft3gezhvepvvg7msmlmaz260dqqjtsmpe,https://ipfs.io/ipfs/bafkreibeffgc4ow5rxbttesgqqe36copa5rejtsw6b4jruwow2p3wahxtq,4e90b2f7bb9044b6dcbe1209bc8aa4573101651468c60ab2c3b73535afa5741d,ok_cached,200,application/json,data/input/governance/anchors/gov_action17dfgtkeufcy945e3ssanqpmn09ft3gezhvepvvg7msmlmaz260dqqjtsmpe-20260326T175206Z.bin,24294c2e3add8dc33992468409bf09cf076244ce56f07898d2ceb69fbb00f79c,27419,2026-07-11T11:30:14Z,,ipfs://bafkreibeffgc4ow5rxbttesgqqe36copa5rejtsw6b4jruwow2p3wahxtq,0
f35285db3c4e085ad331843b3007737952b8a322bb3216311edc37fdf44ad3da#0,https://ipfs.io/ipfs/bafkreibeffgc4ow5rxbttesgqqe36copa5rejtsw6b4jruwow2p3wahxtq,4e90b2f7bb9044b6dcbe1209bc8aa4573101651468c60ab2c3b73535afa5741d,ok_cached,200,application/json,data/input/governance/anchors/gov_action17dfgtkeufcy945e3ssanqpmn09ft3gezhvepvvg7msmlmaz260dqqjtsmpe-20260326T175206Z.bin,24294c2e3add8dc33992468409bf09cf076244ce56f07898d2ceb69fbb00f79c,27419,2026-07-11T11:30:14Z,,ipfs://bafkreibeffgc4ow5rxbttesgqqe36copa5rejtsw6b4jruwow2p3wahxtq,0
e5c4d7ebaad03ac127ec19a286605a188d6fea1c54e075c619ca6993b7fa9fd1#0,https://raw.githubusercontent.com/theeldermillenial/2025-liquidity-budget/f824da7f0c2dbab15e324d1736a967de87d34f7d/w1.jsonld,2b6d10884910aba1478c7e9b94207e54bd569eaea7262cff71df9d2053668f63,ok_cached,200,text/plain; charset=utf-8,data/input/governance/anchors/gov_action1uhzd06a26qavzflvrx3gvcz6rzxkl6su2ns8t3seef5e8dl6nlgsqcgtufg-20260326T175206Z.bin,eb4545cc737a769869c76fb8e9fd72a8f64e8e9130d3b94e8deec2d727273ed6,20357,2026-07-11T11:30:14Z,,https://raw.githubusercontent.com/theeldermillenial/2025-liquidity-budget/f824da7f0c2dbab15e324d1736a967de87d34f7d/w1.jsonld,0
gov_action1a95na44kgedjk3k64ajpfp4p9d9jj3sgzc6tt9nmnkvgj7c9nraqq7g4d2u,https://ipfs.io/ipfs/bafkreidkxk3akjqukgyuxp65g2pesfbhk2miepg7cd6tq7u2hujxmxqzvu,34f05fe67c8f4172ac5e955c20c8204d37a3f5b2561038d199f4f626a32db6cf,ok_cached,200,application/json,data/input/governance/anchors/gov_action1a95na44kgedjk3k64ajpfp4p9d9jj3sgzc6tt9nmnkvgj7c9nraqq7g4d2u-20260326T175206Z.bin,6abab605261451b14bbfdd369e4914275698823cdf10fd387e9a3d13765e19ad,20020,2026-07-11T11:30:14Z,,ipfs://bafkreidkxk3akjqukgyuxp65g2pesfbhk2miepg7cd6tq7u2hujxmxqzvu,0
e9693ed6b6465b2b46daaf641486a12b4b2946081634b5967b9d98897b0598fa#0,https://ipfs.io/ipfs/bafkreidkxk3akjqukgyuxp65g2pesfbhk2miepg7cd6tq7u2hujxmxqzvu,34f05fe67c8f4172ac5e955c20c8204d37a3f5b2561038d199f4f626a32db6cf,ok_cached,200,application/json,data/input/governance/anchors/gov_action1a95na44kgedjk3k64ajpfp4p9d9jj3sgzc6tt9nmnkvgj7c9nraqq7g4d2u-20260326T175206Z.bin,6abab605261451b14bbfdd369e4914275698823cdf10fd387e9a3d13765e19ad,20020,2026-07-11T11:30:14Z,,ipfs://bafkreidkxk3akjqukgyuxp65g2pesfbhk2miepg7cd6tq7u2hujxmxqzvu,0
gov_action19uhuy5uame2s60yrh6n8cyds8ps5q7tkh05dqlzmpcfy429p9w4qq5ll3g0,https://ipfs.io/ipfs/bafkreicshobgfe6o6siinj6ym4yxpz4dyyf3dqfex3w42htfvhpdn6msfu,c5604e100bd27b04f620d38b0389ad7687da9e1fd5f602f5372157fd0e78adce,ok_cached,200,application/json,data/input/governance/anchors/gov_action19uhuy5uame2s60yrh6n8cyds8ps5q7tkh05dqlzmpcfy429p9w4qq5ll3g0-20260326T175206Z.bin,523b826293cef49086a7d8673177e783c60bb1c0a4beedcd1e65a9de36f9922d,66605,2026-07-11T11:30:14Z,,ipfs://bafkreicshobgfe6o6siinj6ym4yxpz4dyyf3dqfex3w42htfvhpdn6msfu,0
2f2fc2539dde550d3c83bea67c11b03861407976bbe8d07c5b0e124aa8a12baa#0,https://ipfs.io/ipfs/bafkreicshobgfe6o6siinj6ym4yxpz4dyyf3dqfex3w42htfvhpdn6msfu,c5604e100bd27b04f620d38b0389ad7687da9e1fd5f602f5372157fd0e78adce,ok_cached,200,application/json,data/input/governance/anchors/gov_action19uhuy5uame2s60yrh6n8cyds8ps5q7tkh05dqlzmpcfy429p9w4qq5ll3g0-20260326T175206Z.bin,523b826293cef49086a7d8673177e783c60bb1c0a4beedcd1e65a9de36f9922d,66605,2026-07-11T11:30:14Z,,ipfs://bafkreicshobgfe6o6siinj6ym4yxpz4dyyf3dqfex3w42htfvhpdn6msfu,0
gov_action1mldvtys6ketjg87wtpvr6cd77kdrd8sp62a8sxgadhmxx2s8lh7sqp2qedq,https://ipfs.io/ipfs/bafkreigmd7xasljkmisbal5pu2xcqolr2fkre4jnlllgqrof4wctadxa7m,8fd434526d3b799ffe1f8ffb4d3373b9445f1e6bf8bcc3a6c4acb9b82f2daacf,ok_cached,200,application/json,data/input/governance/anchors/gov_action1mldvtys6ketjg87wtpvr6cd77kdrd8sp62a8sxgadhmxx2s8lh7sqp2qedq-20260326T175206Z.bin,cc1fee092d2a6224102fafa6ae283971d15512712d5ad66845c5e585300ee0fb,5115,2026-07-11T11:30:14Z,,ipfs://bafkreigmd7xasljkmisbal5pu2xcqolr2fkre4jnlllgqrof4wctadxa7m,0
dfdac5921ab657241fce58583d61bef59a369e01d2ba78191d6df6632a07fdfd#0,https://ipfs.io/ipfs/bafkreigmd7xasljkmisbal5pu2xcqolr2fkre4jnlllgqrof4wctadxa7m,8fd434526d3b799ffe1f8ffb4d3373b9445f1e6bf8bcc3a6c4acb9b82f2daacf,ok_cached,200,application/json,data/input/governance/anchors/gov_action1mldvtys6ketjg87wtpvr6cd77kdrd8sp62a8sxgadhmxx2s8lh7sqp2qedq-20260326T175206Z.bin,cc1fee092d2a6224102fafa6ae283971d15512712d5ad66845c5e585300ee0fb,5115,2026-07-11T11:30:14Z,,ipfs://bafkreigmd7xasljkmisbal5pu2xcqolr2fkre4jnlllgqrof4wctadxa7m,0
gov_action1wwjwkg2g0qwr0mehey9r8gwn6qz3r28wl6wdl2s75kfmpy8j87tqqtft9tp,https://ipfs.io/ipfs/bafkreid7tr5uotr4bp2jp54q7lbm5p5eldncuahprj53msy6kqgjscyrdu,4e264b46f948da4a1917be590d14f10f9e36372075fd11561669180747c0588b,ok_cached,200,application/json,data/input/governance/anchors/gov_action1wwjwkg2g0qwr0mehey9r8gwn6qz3r28wl6wdl2s75kfmpy8j87tqqtft9tp-20260326T175206Z.bin,7f9c7b474e3c0bf497f790fac2cebfa458da2a00ef8a7bb64b1e540c990b111d,2729,2026-07-11T11:30:14Z,,ipfs://bafkreid7tr5uotr4bp2jp54q7lbm5p5eldncuahprj53msy6kqgjscyrdu,0
73a4eb2148781c37ef37c90a33a1d3d00511a8eefe9cdfaa1ea593b090f23f96#0,https://ipfs.io/ipfs/bafkreid7tr5uotr4bp2jp54q7lbm5p5eldncuahprj53msy6kqgjscyrdu,4e264b46f948da4a1917be590d14f10f9e36372075fd11561669180747c0588b,ok_cached,200,application/json,data/input/governance/anchors/gov_action1wwjwkg2g0qwr0mehey9r8gwn6qz3r28wl6wdl2s75kfmpy8j87tqqtft9tp-20260326T175206Z.bin,7f9c7b474e3c0bf497f790fac2cebfa458da2a00ef8a7bb64b1e540c990b111d,2729,2026-07-11T11:30:14Z,,ipfs://bafkreid7tr5uotr4bp2jp54q7lbm5p5eldncuahprj53msy6kqgjscyrdu,0
gov_action1fvgw27fjpr9c7g582mszzyez0jgkqgjgatzdnyngrg8wwc9kcn3qqxtz8r7,https://raw.githubusercontent.com/theeldermillenial/2025-liquidity-budget/refs/heads/master/withdrawal-1/data.jsonld,a92807ed4dcf4817d6ae0c87b6bf5815b2baf3aef52609f51bc4bdb402f6429c,http_error,404,,,,0,2026-07-11T11:30:14Z,HTTP Error 404: Not Found,https://raw.githubusercontent.com/theeldermillenial/2025-liquidity-budget/refs/heads/master/withdrawal-1/data.jsonld,
4b10e5793208cb8f228756e02113227c91602248eac4d992681a0ee760b6c4e2#0,https://raw.githubusercontent.com/theeldermillenial/2025-liquidity-budget/refs/heads/master/withdrawal-1/data.jsonld,a92807ed4dcf4817d6ae0c87b6bf5815b2baf3aef52609f51bc4bdb402f6429c,http_error,404,,,,0,2026-07-11T11:30:14Z,HTTP Error 404: Not Found,https://raw.githubusercontent.com/theeldermillenial/2025-liquidity-budget/refs/heads/master/withdrawal-1/data.jsonld,
gov_action1cgdsp7g0rr7wgqp7maptpvx525fxuqwfgm5qe3f5r20ew5x2772sq0m5y83,https://ipfs.io/ipfs/bafkreifwx5z25x6bh5vcwgvzrajy7qlgisukglywjjduwfsrsnp752pqca,f7e237031c174ba58190950350cc8c3ed940d4268bcc75e7f29080370ad34a55,ok_cached,200,application/json,data/input/governance/anchors/gov_action1cgdsp7g0rr7wgqp7maptpvx525fxuqwfgm5qe3f5r20ew5x2772sq0m5y83-20260326T175207Z.bin,b6bf73aedfc13f6a2b1ab988138fc16644a8a32f164a474b1651935ffee9f010,17501,2026-07-11T11:30:14Z,,ipfs://bafkreifwx5z25x6bh5vcwgvzrajy7qlgisukglywjjduwfsrsnp752pqca,0
gov_action13pzmlsmmktmfareqpl3gzj9nm63ugwvmp3y7urkjhd8rf89tn6msq95mp3f,https://ipfs.io/ipfs/bafkreiaaevieqcufh6or65xtva2r2txy2tre45p4vlesfz5l3l5kpd6djm,25dcffe8d87e955b1637272b3650907e2cd9af7c914c1f6600c88ad97adc2469,ok_cached,200,application/json,data/input/governance/anchors/gov_action13pzmlsmmktmfareqpl3gzj9nm63ugwvmp3y7urkjhd8rf89tn6msq95mp3f-20260326T175207Z.bin,002550480a853f9d1f76f3a8351d4ef8d4e24e75fcaac922e7abdafaa78fc34b,5856,2026-07-11T11:30:14Z,,ipfs://bafkreiaaevieqcufh6or65xtva2r2txy2tre45p4vlesfz5l3l5kpd6djm,0
c21b00f90f18fce4003edf42b0b0d455126e01c946e80cc5341a9f9750caf795#0,https://ipfs.io/ipfs/bafkreifwx5z25x6bh5vcwgvzrajy7qlgisukglywjjduwfsrsnp752pqca,f7e237031c174ba58190950350cc8c3ed940d4268bcc75e7f29080370ad34a55,ok_cached,200,application/json,data/input/governance/anchors/gov_action1cgdsp7g0rr7wgqp7maptpvx525fxuqwfgm5qe3f5r20ew5x2772sq0m5y83-20260326T175207Z.bin,b6bf73aedfc13f6a2b1ab988138fc16644a8a32f164a474b1651935ffee9f010,17501,2026-07-11T11:30:14Z,,ipfs://bafkreifwx5z25x6bh5vcwgvzrajy7qlgisukglywjjduwfsrsnp752pqca,0
8845bfc37bb2f69e8f200fe28148b3dea3c4399b0c49ee0ed2bb4e349cab9eb7#0,https://ipfs.io/ipfs/bafkreiaaevieqcufh6or65xtva2r2txy2tre45p4vlesfz5l3l5kpd6djm,25dcffe8d87e955b1637272b3650907e2cd9af7c914c1f6600c88ad97adc2469,ok_cached,200,application/json,data/input/governance/anchors/gov_action13pzmlsmmktmfareqpl3gzj9nm63ugwvmp3y7urkjhd8rf89tn6msq95mp3f-20260326T175207Z.bin,002550480a853f9d1f76f3a8351d4ef8d4e24e75fcaac922e7abdafaa78fc34b,5856,2026-07-11T11:30:14Z,,ipfs://bafkreiaaevieqcufh6or65xtva2r2txy2tre45p4vlesfz5l3l5kpd6djm,0
gov_action1m3xx08yv788vfxqh6nfvrjtvmqpwezsy0ggaczctkyjmttc2wmxsq4jsr7q,https://ipfs.io/ipfs/bafkreidpcmogdet4beysyxq4u7l2qywplbfnahudyevqjcu2yxiceurn3u,ed54ad31d48602ce7c30eba13c209c71dcb63d6eb9906345a3367acec65175ad,ok_cached,200,application/json,data/input/governance/anchors/gov_action1m3xx08yv788vfxqh6nfvrjtvmqpwezsy0ggaczctkyjmttc2wmxsq4jsr7q-20260326T175207Z.bin,6f131c61927c09312c5e1ca7d7a862cf584ad01e83c12b048a9ac5d022522ddd,8226,2026-07-11T11:30:14Z,,ipfs://bafkreidpcmogdet4beysyxq4u7l2qywplbfnahudyevqjcu2yxiceurn3u,0
dc4c679c8cf1cec49817d4d2c1c96cd802ec8a047a11dc0b0bb125b5af0a76cd#0,https://ipfs.io/ipfs/bafkreidpcmogdet4beysyxq4u7l2qywplbfnahudyevqjcu2yxiceurn3u,ed54ad31d48602ce7c30eba13c209c71dcb63d6eb9906345a3367acec65175ad,ok_cached,200,application/json,data/input/governance/anchors/gov_action1m3xx08yv788vfxqh6nfvrjtvmqpwezsy0ggaczctkyjmttc2wmxsq4jsr7q-20260326T175207Z.bin,6f131c61927c09312c5e1ca7d7a862cf584ad01e83c12b048a9ac5d022522ddd,8226,2026-07-11T11:30:14Z,,ipfs://bafkreidpcmogdet4beysyxq4u7l2qywplbfnahudyevqjcu2yxiceurn3u,0
gov_action15ce4qnwug759939wqv782pvh6qg68khspg8kh02gmex99mcsytwqqqr7jkr,https://ipfs.io/ipfs/QmP25wNHBBh62eRUBnRbvpXz2DFJ5aQBgbqMq27zpHXNjs,e3c9095166ee0a62a5b251b605f5316e1e585b993fbb9af5dece15893349c387,ok_cached,200,application/json,data/input/governance/anchors/gov_action15ce4qnwug759939wqv782pvh6qg68khspg8kh02gmex99mcsytwqqqr7jkr-20260326T175207Z.bin,26d260db607e8904cabab8218bd3ec1463e8d82bb9960f47041f2008513fe5d5,26085,2026-07-11T11:30:14Z,,ipfs://QmP25wNHBBh62eRUBnRbvpXz2DFJ5aQBgbqMq27zpHXNjs,0
a633504ddc47a852c4ae033c750597d011a3daf00a0f6bbd48de4c52ef1022dc#0,https://ipfs.io/ipfs/QmP25wNHBBh62eRUBnRbvpXz2DFJ5aQBgbqMq27zpHXNjs,e3c9095166ee0a62a5b251b605f5316e1e585b993fbb9af5dece15893349c387,ok_cached,200,application/json,data/input/governance/anchors/gov_action15ce4qnwug759939wqv782pvh6qg68khspg8kh02gmex99mcsytwqqqr7jkr-20260326T175207Z.bin,26d260db607e8904cabab8218bd3ec1463e8d82bb9960f47041f2008513fe5d5,26085,2026-07-11T11:30:14Z,,ipfs://QmP25wNHBBh62eRUBnRbvpXz2DFJ5aQBgbqMq27zpHXNjs,0
gov_action1jxne7hynfd7frcczwumd2eggps4kvy0msjztz9t0mutpy870ksgqqp6vp3p,https://ipfs.io/ipfs/bafkreigxpweqv2rnh7ajt5hzdq6gikogmaq3nbyof5uvdntc4hkg52ghqy,6c5645b67cca1f39323984f97ea2d5f5a68423c592407e241b0637e26d244591,ok_cached,200,application/json,data/input/governance/anchors/gov_action1jxne7hynfd7frcczwumd2eggps4kvy0msjztz9t0mutpy870ksgqqp6vp3p-20260326T175207Z.bin,d77d890aea2d3fc099f4f91c3c6429c66021b6870e2f6951b662e1d46ee8c786,6388,2026-07-11T11:30:14Z,,ipfs://bafkreigxpweqv2rnh7ajt5hzdq6gikogmaq3nbyof5uvdntc4hkg52ghqy,0
gov_action18fd7jwa06fksmwumlcvlft8v4guvaa672qsp6xgenekvs4kmvcqsq8cqks4,https://ipfs.io/ipfs/bafkreifxxz6n33l5umvgxdoxzp35gsnbzvi63slmeqnwg3pj4gsrwnzr4e,4fbbbd12cf0f2a4be498627a5c99d95762690eb57e276089f5d646877f95cf59,ok_cached,200,application/json,data/input/governance/anchors/gov_action18fd7jwa06fksmwumlcvlft8v4guvaa672qsp6xgenekvs4kmvcqsq8cqks4-20260326T175207Z.bin,b7be7cdded7da32a6b8dd7cbf7d349a1cd51edc96c241b636de9e1a51b3731e1,14252,2026-07-11T11:30:14Z,,ipfs://bafkreifxxz6n33l5umvgxdoxzp35gsnbzvi63slmeqnwg3pj4gsrwnzr4e,0
91a79f5c934b7c91e3027736d565080c2b6611fb8484b1156fdf16121fcfb410#0,https://ipfs.io/ipfs/bafkreigxpweqv2rnh7ajt5hzdq6gikogmaq3nbyof5uvdntc4hkg52ghqy,6c5645b67cca1f39323984f97ea2d5f5a68423c592407e241b0637e26d244591,ok_cached,200,application/json,data/input/governance/anchors/gov_action1jxne7hynfd7frcczwumd2eggps4kvy0msjztz9t0mutpy870ksgqqp6vp3p-20260326T175207Z.bin,d77d890aea2d3fc099f4f91c3c6429c66021b6870e2f6951b662e1d46ee8c786,6388,2026-07-11T11:30:14Z,,ipfs://bafkreigxpweqv2rnh7ajt5hzdq6gikogmaq3nbyof5uvdntc4hkg52ghqy,0
3a5be93bafd26d0dbb9bfe19f4acecaa38cef75e50201d19199e6cc856db6601#0,https://ipfs.io/ipfs/bafkreifxxz6n33l5umvgxdoxzp35gsnbzvi63slmeqnwg3pj4gsrwnzr4e,4fbbbd12cf0f2a4be498627a5c99d95762690eb57e276089f5d646877f95cf59,ok_cached,200,application/json,data/input/governance/anchors/gov_action18fd7jwa06fksmwumlcvlft8v4guvaa672qsp6xgenekvs4kmvcqsq8cqks4-20260326T175207Z.bin,b7be7cdded7da32a6b8dd7cbf7d349a1cd51edc96c241b636de9e1a51b3731e1,14252,2026-07-11T11:30:14Z,,ipfs://bafkreifxxz6n33l5umvgxdoxzp35gsnbzvi63slmeqnwg3pj4gsrwnzr4e,0
gov_action1aw809r9gpk7eemt02alszw7lceyf0505uvntavm62rakkckr3nxsqd54zm8,https://ipfs.io/ipfs/Qme6n18tBndukAbRyvHc6MMj8WrjsBnppYvTAmsm3SHa4y,84e66f959fdecfd86708a5e9cad50b24bcf2da97186182abedd2aa046447a4b2,ok_cached,200,application/json,data/input/governance/anchors/gov_action1aw809r9gpk7eemt02alszw7lceyf0505uvntavm62rakkckr3nxsqd54zm8-20260326T175208Z.bin,159e3d765c96c7148f73dca604d1337755731736bfff9e0aff614e0c35b4846d,8638,2026-07-11T11:30:14Z,,ipfs://Qme6n18tBndukAbRyvHc6MMj8WrjsBnppYvTAmsm3SHa4y,0
eb8ef28ca80dbd9ced6f577f013bdfc64897d1f4e326beb37a50fb6b62c38ccd#0,https://ipfs.io/ipfs/Qme6n18tBndukAbRyvHc6MMj8WrjsBnppYvTAmsm3SHa4y,84e66f959fdecfd86708a5e9cad50b24bcf2da97186182abedd2aa046447a4b2,ok_cached,200,application/json,data/input/governance/anchors/gov_action1aw809r9gpk7eemt02alszw7lceyf0505uvntavm62rakkckr3nxsqd54zm8-20260326T175208Z.bin,159e3d765c96c7148f73dca604d1337755731736bfff9e0aff614e0c35b4846d,8638,2026-07-11T11:30:14Z,,ipfs://Qme6n18tBndukAbRyvHc6MMj8WrjsBnppYvTAmsm3SHa4y,0
gov_action1lqun78lcznfa2gek49m3ydslakfnm8heargfp8sax9fk54yl6ghsqp042zv,https://ipfs.io/ipfs/bafkreiecqskxkmakkrzrs2xs2olh5jcwbuz5qr5gesp6merwcaydcaojiq,1ff4e21156b94a8609545f96e68f005fcd1bf4c790fb6f613b7f8e49e1e71da6,ok_cached,200,application/json,data/input/governance/anchors/gov_action1lqun78lcznfa2gek49m3ydslakfnm8heargfp8sax9fk54yl6ghsqp042zv-20260326T175208Z.bin,82849575300a5473196af2d3967ea4560d33d847a6249fe6123610303101c944,33761,2026-07-11T11:30:14Z,,ipfs://bafkreiecqskxkmakkrzrs2xs2olh5jcwbuz5qr5gesp6merwcaydcaojiq,0
gov_action1fk4nx9zhkcdcyjaudwjtnkd7gagwyhqtth2zypawkc78gvdxkuzqqtvqdkv,https://ipfs.io/ipfs/bafkreibqxuceexlhali4nhqo7tvsdzrcndzr775pv7wfsdq2lbxtyk4emu,7580221cf917c3ec6c1fe0ddf7a518f7e9fd357bbe1528b6a24e91b1bba90797,ok_cached,200,application/json,data/input/governance/anchors/gov_action1fk4nx9zhkcdcyjaudwjtnkd7gagwyhqtth2zypawkc78gvdxkuzqqtvqdkv-20260326T175208Z.bin,30bd04425d6702d1c69e0efceb21e62268f31fffafafec590e1a586f3c2b8465,10099,2026-07-11T11:30:14Z,,ipfs://bafkreibqxuceexlhali4nhqo7tvsdzrcndzr775pv7wfsdq2lbxtyk4emu,0
f8393f1ff814d3d52336a97712361fed933d9ef9e8d0909e1d31536a549fd22f#0,https://ipfs.io/ipfs/bafkreiecqskxkmakkrzrs2xs2olh5jcwbuz5qr5gesp6merwcaydcaojiq,1ff4e21156b94a8609545f96e68f005fcd1bf4c790fb6f613b7f8e49e1e71da6,ok_cached,200,application/json,data/input/governance/anchors/gov_action1lqun78lcznfa2gek49m3ydslakfnm8heargfp8sax9fk54yl6ghsqp042zv-20260326T175208Z.bin,82849575300a5473196af2d3967ea4560d33d847a6249fe6123610303101c944,33761,2026-07-11T11:30:14Z,,ipfs://bafkreiecqskxkmakkrzrs2xs2olh5jcwbuz5qr5gesp6merwcaydcaojiq,0
4dab331457b61b824bbc6ba4b9d9be4750e25c0b5dd42207aeb63c7431a6b704#0,https://ipfs.io/ipfs/bafkreibqxuceexlhali4nhqo7tvsdzrcndzr775pv7wfsdq2lbxtyk4emu,7580221cf917c3ec6c1fe0ddf7a518f7e9fd357bbe1528b6a24e91b1bba90797,ok_cached,200,application/json,data/input/governance/anchors/gov_action1fk4nx9zhkcdcyjaudwjtnkd7gagwyhqtth2zypawkc78gvdxkuzqqtvqdkv-20260326T175208Z.bin,30bd04425d6702d1c69e0efceb21e62268f31fffafafec590e1a586f3c2b8465,10099,2026-07-11T11:30:14Z,,ipfs://bafkreibqxuceexlhali4nhqo7tvsdzrcndzr775pv7wfsdq2lbxtyk4emu,0
gov_action169kllwhfmp488je5x5rwvufd08p8sztdcf0ghf5sp6ey2gnjdwaqql47xry,https://ipfs.io/ipfs/Qmeme8EWugVPQeVghpqB53nvG5U4VT9zy3Ta545fEJPnqL,25b56befe5ef4e472e3020b81162b4076f4e274f68fcdacb2ec686ca6197771e,ok_cached,200,application/json,data/input/governance/anchors/gov_action169kllwhfmp488je5x5rwvufd08p8sztdcf0ghf5sp6ey2gnjdwaqql47xry-20260326T175208Z.bin,d92f18838fdd6b1304331f318cac5b8178dc5b216c8df1bf36de2e191427f64d,5957,2026-07-11T11:30:14Z,,ipfs://Qmeme8EWugVPQeVghpqB53nvG5U4VT9zy3Ta545fEJPnqL,0
gov_action13a2dqgwxum7d6kjfprcs57cf9733ek2dkt5qnuhqd4ll5ntcwu7sqluwkxd,https://ipfs.io/ipfs/bafkreicbxui5lbdrgcpjwhlti3rqkxfnd3vveiinkcu2zak5bny435w4yq,fec4cec86fe2c537c5f50c54dce3a200191d34c2330c2586792429aeeb05dc53,ok_cached,200,application/json,data/input/governance/anchors/gov_action13a2dqgwxum7d6kjfprcs57cf9733ek2dkt5qnuhqd4ll5ntcwu7sqluwkxd-20260326T175208Z.bin,41bd11d58471309e9b1d7346e3055cad1eeb52210d50a9ac815d0b71cdf6dcc4,29610,2026-07-11T11:30:14Z,,ipfs://bafkreicbxui5lbdrgcpjwhlti3rqkxfnd3vveiinkcu2zak5bny435w4yq,0
d16dffbae9d86a73cb343506e6712d79c278096dc25e8ba6900eb24522726bba#0,https://ipfs.io/ipfs/Qmeme8EWugVPQeVghpqB53nvG5U4VT9zy3Ta545fEJPnqL,25b56befe5ef4e472e3020b81162b4076f4e274f68fcdacb2ec686ca6197771e,ok_cached,200,application/json,data/input/governance/anchors/gov_action169kllwhfmp488je5x5rwvufd08p8sztdcf0ghf5sp6ey2gnjdwaqql47xry-20260326T175208Z.bin,d92f18838fdd6b1304331f318cac5b8178dc5b216c8df1bf36de2e191427f64d,5957,2026-07-11T11:30:14Z,,ipfs://Qmeme8EWugVPQeVghpqB53nvG5U4VT9zy3Ta545fEJPnqL,0
8f54d021c6e6fcdd5a4908f10a7b092fa31cd94db2e809f2e06d7ffa4d78773d#0,https://ipfs.io/ipfs/bafkreicbxui5lbdrgcpjwhlti3rqkxfnd3vveiinkcu2zak5bny435w4yq,fec4cec86fe2c537c5f50c54dce3a200191d34c2330c2586792429aeeb05dc53,ok_cached,200,application/json,data/input/governance/anchors/gov_action13a2dqgwxum7d6kjfprcs57cf9733ek2dkt5qnuhqd4ll5ntcwu7sqluwkxd-20260326T175208Z.bin,41bd11d58471309e9b1d7346e3055cad1eeb52210d50a9ac815d0b71cdf6dcc4,29610,2026-07-11T11:30:14Z,,ipfs://bafkreicbxui5lbdrgcpjwhlti3rqkxfnd3vveiinkcu2zak5bny435w4yq,0
gov_action1x2zm0lgd59kjrc9clzgscdlh0ct62l8llr638h6t4a5jj4yqzzyqq2dgc7q,https://most-brass-sun.quicknode-ipfs.com/ipfs/QmR7khTUdWyQFdNvyXDsuyZLUNsdfm7Ejo9wKfKdRE3ReG,78c5d369af0bd488807d9bd15bf19c13e2cc063e96bd4ab17ed7f8a57a8ba1ba,ok_cached,200,application/json,data/input/governance/anchors/gov_action1x2zm0lgd59kjrc9clzgscdlh0ct62l8llr638h6t4a5jj4yqzzyqq2dgc7q-20260326T175208Z.bin,7d544e45fe10bdbbd6c1debcf20b4cd22c8a9396c76dda36a5c804acd3d9c37f,3665,2026-07-11T11:30:14Z,,https://most-brass-sun.quicknode-ipfs.com/ipfs/QmR7khTUdWyQFdNvyXDsuyZLUNsdfm7Ejo9wKfKdRE3ReG,0
gov_action1q0m8z7glm9cprucwf44hdjdfra8khnakpm3hu5ueh929hvljw4aqqzuxfxz,https://ipfs.io/ipfs/bafkreidl43ghacdpczaims63glq5kepaa63d63cr5mrpznv56jdm7e2eny,2c630b0662c474e69d40bae4a0619d6bf4947e3d6edc8e53c891b427299fbf10,ok_cached,200,application/json,data/input/governance/anchors/gov_action1q0m8z7glm9cprucwf44hdjdfra8khnakpm3hu5ueh929hvljw4aqqzuxfxz-20260326T175208Z.bin,6be6cc70086f1640864bdb32e1d511e007b63f6c51eb22fcb6bdf246cf93446e,26291,2026-07-11T11:30:14Z,,ipfs://bafkreidl43ghacdpczaims63glq5kepaa63d63cr5mrpznv56jdm7e2eny,0
gov_action15dh2lt4qskmhl97vat8s0l552ruvddrlasa0jndg7lg43g0uju3qq78hvja,https://ipfs.io/ipfs/QmeMvA4j38n46hye724etsdUoUMzQ3T9bvmHMJUtNRf9ps,235613f1d231e9a877eab4599f2d6a693d8cb279e2bc9c94c5f42f53750a34f9,ok_cached,200,application/json,data/input/governance/anchors/gov_action15dh2lt4qskmhl97vat8s0l552ruvddrlasa0jndg7lg43g0uju3qq78hvja-20260326T175208Z.bin,b1d0ce10a0a2863d16b4d5696590b494f941cf4de057d943f453718d076941aa,7020,2026-07-11T11:30:14Z,,https://ipfs.io/ipfs/QmeMvA4j38n46hye724etsdUoUMzQ3T9bvmHMJUtNRf9ps,0
a36eafaea085b77f97cceacf07fe9450f8c6b47fec3af94da8f7d158a1fc9722#0,https://ipfs.io/ipfs/QmeMvA4j38n46hye724etsdUoUMzQ3T9bvmHMJUtNRf9ps,235613f1d231e9a877eab4599f2d6a693d8cb279e2bc9c94c5f42f53750a34f9,ok_cached,200,application/json,data/input/governance/anchors/gov_action15dh2lt4qskmhl97vat8s0l552ruvddrlasa0jndg7lg43g0uju3qq78hvja-20260326T175208Z.bin,b1d0ce10a0a2863d16b4d5696590b494f941cf4de057d943f453718d076941aa,7020,2026-07-11T11:30:14Z,,https://ipfs.io/ipfs/QmeMvA4j38n46hye724etsdUoUMzQ3T9bvmHMJUtNRf9ps,0
3285b7fd0da16d21e0b8f8910c37f77e17a57cfff8f513df4baf692954801088#0,https://most-brass-sun.quicknode-ipfs.com/ipfs/QmR7khTUdWyQFdNvyXDsuyZLUNsdfm7Ejo9wKfKdRE3ReG,78c5d369af0bd488807d9bd15bf19c13e2cc063e96bd4ab17ed7f8a57a8ba1ba,ok_cached,200,application/json,data/input/governance/anchors/gov_action1x2zm0lgd59kjrc9clzgscdlh0ct62l8llr638h6t4a5jj4yqzzyqq2dgc7q-20260326T175208Z.bin,7d544e45fe10bdbbd6c1debcf20b4cd22c8a9396c76dda36a5c804acd3d9c37f,3665,2026-07-11T11:30:14Z,,https://most-brass-sun.quicknode-ipfs.com/ipfs/QmR7khTUdWyQFdNvyXDsuyZLUNsdfm7Ejo9wKfKdRE3ReG,0
03f671791fd97011f30e4d6b76c9a91f4f6bcfb60ee37e5399b9545bb3f2757a#0,https://ipfs.io/ipfs/bafkreidl43ghacdpczaims63glq5kepaa63d63cr5mrpznv56jdm7e2eny,2c630b0662c474e69d40bae4a0619d6bf4947e3d6edc8e53c891b427299fbf10,ok_cached,200,application/json,data/input/governance/anchors/gov_action1q0m8z7glm9cprucwf44hdjdfra8khnakpm3hu5ueh929hvljw4aqqzuxfxz-20260326T175208Z.bin,6be6cc70086f1640864bdb32e1d511e007b63f6c51eb22fcb6bdf246cf93446e,26291,2026-07-11T11:30:14Z,,ipfs://bafkreidl43ghacdpczaims63glq5kepaa63d63cr5mrpznv56jdm7e2eny,0
gov_action16f69yf2f35w9ds8sr05ewyr55jg5f439mu8882rv295fvf8m4kcqql7y6nc,https://ipfs.io/ipfs/QmZdZ387ZfcDwQ4YYSPAvWX42gX1w8nGPdhbwk7gxTtNBE,a1eb9dd13a5ca3f009a261ddc07575190f98a42b94d180815fb5f2c0805b907c,ok_cached,200,application/json,data/input/governance/anchors/gov_action16f69yf2f35w9ds8sr05ewyr55jg5f439mu8882rv295fvf8m4kcqql7y6nc-20260326T175209Z.bin,57f310e6f361456124a554c4eacfbb60062795c3ac4607f2ec2d3bafd1a0e609,11203,2026-07-11T11:30:14Z,,ipfs://QmZdZ387ZfcDwQ4YYSPAvWX42gX1w8nGPdhbwk7gxTtNBE,1
d2745225498d1c56c0f01be9971074a49144d625df0e73a86c51689624fbadb0#0,https://ipfs.io/ipfs/QmZdZ387ZfcDwQ4YYSPAvWX42gX1w8nGPdhbwk7gxTtNBE,a1eb9dd13a5ca3f009a261ddc07575190f98a42b94d180815fb5f2c0805b907c,ok_cached,200,application/json,data/input/governance/anchors/gov_action16f69yf2f35w9ds8sr05ewyr55jg5f439mu8882rv295fvf8m4kcqql7y6nc-20260326T175209Z.bin,57f310e6f361456124a554c4eacfbb60062795c3ac4607f2ec2d3bafd1a0e609,11203,2026-07-11T11:30:14Z,,ipfs://QmZdZ387ZfcDwQ4YYSPAvWX42gX1w8nGPdhbwk7gxTtNBE,1
gov_action1ezp0r9rgf4njx93p9uq7l3kjs9m739jm0ntf26vplcmucec4jc0qqxjlfrc,https://ipfs.io/ipfs/bafkreig4ural237c4gczp4srzygsmlaquiibixiskus2lwy4a6vilivgiy,bbdd72333d18e36283ef8cfd8959a9382c90a1fd864845ed62120882455aa8fb,ok_cached,200,application/json,data/input/governance/anchors/gov_action1ezp0r9rgf4njx93p9uq7l3kjs9m739jm0ntf26vplcmucec4jc0qqxjlfrc-20260326T175229Z.bin,dca440bd6fe2e18597f251ce0d262c10a210145d125525a5db1c07aa85a2a646,7785,2026-07-11T11:30:14Z,,ipfs://bafkreig4ural237c4gczp4srzygsmlaquiibixiskus2lwy4a6vilivgiy,0
c882f194684d672316212f01efc6d28177e8965b7cd6956981fe37cc6715961e#0,https://ipfs.io/ipfs/bafkreig4ural237c4gczp4srzygsmlaquiibixiskus2lwy4a6vilivgiy,bbdd72333d18e36283ef8cfd8959a9382c90a1fd864845ed62120882455aa8fb,ok_cached,200,application/json,data/input/governance/anchors/gov_action1ezp0r9rgf4njx93p9uq7l3kjs9m739jm0ntf26vplcmucec4jc0qqxjlfrc-20260326T175229Z.bin,dca440bd6fe2e18597f251ce0d262c10a210145d125525a5db1c07aa85a2a646,7785,2026-07-11T11:30:14Z,,ipfs://bafkreig4ural237c4gczp4srzygsmlaquiibixiskus2lwy4a6vilivgiy,0
gov_action16tdkp3fs0j6303e4utgp8rftdug0ckezr4sslgv8wxdaeq40ngpsq5sr06h,https://ipfs.io/ipfs/bafkreihju7a6zywpv3adaeeg4nnyrkewurng5csavsspmqsgikzg2suhry,e2ed7354990674f1087cb3672f0418ed2dde4f7cad3190992cea0448d5ca5bc9,ok_cached,200,application/json,data/input/governance/anchors/gov_action16tdkp3fs0j6303e4utgp8rftdug0ckezr4sslgv8wxdaeq40ngpsq5sr06h-20260326T175230Z.bin,e9a7c1ece2cfaec0301086e35b88a896a45a6e8a40aca4f6424642b26d4a878e,20908,2026-07-11T11:30:14Z,,ipfs://bafkreihju7a6zywpv3adaeeg4nnyrkewurng5csavsspmqsgikzg2suhry,0
d2db60c5307cb517c735e2d0138d2b6f10fc5b221d610fa187719bdc82af9a03#0,https://ipfs.io/ipfs/bafkreihju7a6zywpv3adaeeg4nnyrkewurng5csavsspmqsgikzg2suhry,e2ed7354990674f1087cb3672f0418ed2dde4f7cad3190992cea0448d5ca5bc9,ok_cached,200,application/json,data/input/governance/anchors/gov_action16tdkp3fs0j6303e4utgp8rftdug0ckezr4sslgv8wxdaeq40ngpsq5sr06h-20260326T175230Z.bin,e9a7c1ece2cfaec0301086e35b88a896a45a6e8a40aca4f6424642b26d4a878e,20908,2026-07-11T11:30:14Z,,ipfs://bafkreihju7a6zywpv3adaeeg4nnyrkewurng5csavsspmqsgikzg2suhry,0
gov_action1n9hdlcmshrj3hee4g8n4fxdgrprpxp0r03l6psd3j0evtpck0nrsqm57age,https://ipfs.io/ipfs/bafkreigc2vumhgcgfuouuk5ndom4dg3yxncuhdcsyirbkybggd5bv47sve,19581423957b0f155170d04e8654374e205ab0e95ffa3a05c84b55ccc5deac70,ok_cached,200,application/json,data/input/governance/anchors/gov_action1n9hdlcmshrj3hee4g8n4fxdgrprpxp0r03l6psd3j0evtpck0nrsqm57age-20260326T175230Z.bin,c2d568c398462d1d4a2bad1b99c19b78bb45438c52c22215602630fa1af3f2a9,3700,2026-07-11T11:30:14Z,,ipfs://bafkreigc2vumhgcgfuouuk5ndom4dg3yxncuhdcsyirbkybggd5bv47sve,0
996edfe370b8e51be73541e75499a818461305e37c7fa0c1b193f2c587167cc7#0,https://ipfs.io/ipfs/bafkreigc2vumhgcgfuouuk5ndom4dg3yxncuhdcsyirbkybggd5bv47sve,19581423957b0f155170d04e8654374e205ab0e95ffa3a05c84b55ccc5deac70,ok_cached,200,application/json,data/input/governance/anchors/gov_action1n9hdlcmshrj3hee4g8n4fxdgrprpxp0r03l6psd3j0evtpck0nrsqm57age-20260326T175230Z.bin,c2d568c398462d1d4a2bad1b99c19b78bb45438c52c22215602630fa1af3f2a9,3700,2026-07-11T11:30:14Z,,ipfs://bafkreigc2vumhgcgfuouuk5ndom4dg3yxncuhdcsyirbkybggd5bv47sve,0
gov_action1u4jrcvlkppjzuv5j9z5ksacwtvv77h6glu0knpcjut8gvjjfu0cqqt3alsy,https://ipfs.io/ipfs/bafkreihk5qt5tgbojnno7eymbm2urm6y6jkt4yqfxdzh3agnj47zuv7lpe,0e219503c6731b471ed8e5b21165a25cb5aa7fcc585277abad5d0a84251b3168,ok_cached,200,application/json,data/input/governance/anchors/gov_action1u4jrcvlkppjzuv5j9z5ksacwtvv77h6glu0knpcjut8gvjjfu0cqqt3alsy-20260326T175230Z.bin,eaec27d9982e4b5aef930c0b3548b3d8f2553e6205b8f27d80cd4f3f9a57eb79,27162,2026-07-11T11:30:14Z,,ipfs://bafkreihk5qt5tgbojnno7eymbm2urm6y6jkt4yqfxdzh3agnj47zuv7lpe,0
e5643c33f608642e329228a968770e5b19ef5f48ff1f698712e2ce864a49e3f0#0,https://ipfs.io/ipfs/bafkreihk5qt5tgbojnno7eymbm2urm6y6jkt4yqfxdzh3agnj47zuv7lpe,0e219503c6731b471ed8e5b21165a25cb5aa7fcc585277abad5d0a84251b3168,ok_cached,200,application/json,data/input/governance/anchors/gov_action1u4jrcvlkppjzuv5j9z5ksacwtvv77h6glu0knpcjut8gvjjfu0cqqt3alsy-20260326T175230Z.bin,eaec27d9982e4b5aef930c0b3548b3d8f2553e6205b8f27d80cd4f3f9a57eb79,27162,2026-07-11T11:30:14Z,,ipfs://bafkreihk5qt5tgbojnno7eymbm2urm6y6jkt4yqfxdzh3agnj47zuv7lpe,0
gov_action1jr84r96lnsvu9yd6c0jhxe9gj5r7vnd2pgkntc6klplxdpyzz4tqqc9uldx,https://ipfs.io/ipfs/bafkreiegpigegytetkwrqhftqphcqjkammmjipwq2d57s6xkfbtxiq3tei,79e4b2c345da31819fad30408f6eebaee352dff03adbb1a3fd9f15187f5c7e57,ok_cached,200,application/json,data/input/governance/anchors/gov_action1jr84r96lnsvu9yd6c0jhxe9gj5r7vnd2pgkntc6klplxdpyzz4tqqc9uldx-20260326T175230Z.bin,867a0c4362649aad181cb383ce2825406318943ed0d0fbf97aea286774437322,21033,2026-07-11T11:30:14Z,,ipfs://bafkreiegpigegytetkwrqhftqphcqjkammmjipwq2d57s6xkfbtxiq3tei,0
90cf51975f9c19c291bac3e57364a89507e64daa0a2d35e356f87e6684821556#0,https://ipfs.io/ipfs/bafkreiegpigegytetkwrqhftqphcqjkammmjipwq2d57s6xkfbtxiq3tei,79e4b2c345da31819fad30408f6eebaee352dff03adbb1a3fd9f15187f5c7e57,ok_cached,200,application/json,data/input/governance/anchors/gov_action1jr84r96lnsvu9yd6c0jhxe9gj5r7vnd2pgkntc6klplxdpyzz4tqqc9uldx-20260326T175230Z.bin,867a0c4362649aad181cb383ce2825406318943ed0d0fbf97aea286774437322,21033,2026-07-11T11:30:14Z,,ipfs://bafkreiegpigegytetkwrqhftqphcqjkammmjipwq2d57s6xkfbtxiq3tei,0
gov_action13836fuy3yttxn4hkeqka398q9qnwsjtmul4sxc3nht7qae8uvejsqm7ukh8,https://most-brass-sun.quicknode-ipfs.com/ipfs/QmTRrewK9MzARcCSYNFwmqizjFpMRK2kZhe9R6NJU4XHwJ,103ff312c9aa10e80ac8c2b572e1c0a33975f22441b0a14d09bcbbb2310b11eb,ok_cached,200,application/json,data/input/governance/anchors/gov_action13836fuy3yttxn4hkeqka398q9qnwsjtmul4sxc3nht7qae8uvejsqm7ukh8-20260326T175230Z.bin,c8c7c680a6d4dbadfc2b68c8b1e9ef8a7a39cd1b694a21f62a236d1f5179a175,13099,2026-07-11T11:30:14Z,,https://most-brass-sun.quicknode-ipfs.com/ipfs/QmTRrewK9MzARcCSYNFwmqizjFpMRK2kZhe9R6NJU4XHwJ,0
89e3a4f09122d669d6f6c82dd894e02826e8497be7eb036233bafc0ee4fc6665#0,https://most-brass-sun.quicknode-ipfs.com/ipfs/QmTRrewK9MzARcCSYNFwmqizjFpMRK2kZhe9R6NJU4XHwJ,103ff312c9aa10e80ac8c2b572e1c0a33975f22441b0a14d09bcbbb2310b11eb,ok_cached,200,application/json,data/input/governance/anchors/gov_action13836fuy3yttxn4hkeqka398q9qnwsjtmul4sxc3nht7qae8uvejsqm7ukh8-20260326T175230Z.bin,c8c7c680a6d4dbadfc2b68c8b1e9ef8a7a39cd1b694a21f62a236d1f5179a175,13099,2026-07-11T11:30:14Z,,https://most-brass-sun.quicknode-ipfs.com/ipfs/QmTRrewK9MzARcCSYNFwmqizjFpMRK2kZhe9R6NJU4XHwJ,0
gov_action1ypajyms3pcfmkx93r87dxy6jpc8u6pst90ylhxj7t0rwjj43puasq0x9jrw,https://ipfs.io/ipfs/bafkreig4vjv636y7yhc3va6u4u6euluzs7wxwas5ntwqrvyzafjnnbcsgu,37669749785f79cb3eb5005779095fbd733156bdaf9e20e55f7d233cb5946874,ok_cached,200,application/json,data/input/governance/anchors/gov_action1ypajyms3pcfmkx93r87dxy6jpc8u6pst90ylhxj7t0rwjj43puasq0x9jrw-20260326T175230Z.bin,dcaa6bedfb1fc1c5ba83d4e53c4a2e9997ed7b025d6ced08d7190152d6845235,3366,2026-07-11T11:30:14Z,,ipfs://bafkreig4vjv636y7yhc3va6u4u6euluzs7wxwas5ntwqrvyzafjnnbcsgu,0
207b226e110e13bb18b119fcd313520e0fcd060b2bc9fb9a5e5bc6e94ab10f3b#0,https://ipfs.io/ipfs/bafkreig4vjv636y7yhc3va6u4u6euluzs7wxwas5ntwqrvyzafjnnbcsgu,37669749785f79cb3eb5005779095fbd733156bdaf9e20e55f7d233cb5946874,ok_cached,200,application/json,data/input/governance/anchors/gov_action1ypajyms3pcfmkx93r87dxy6jpc8u6pst90ylhxj7t0rwjj43puasq0x9jrw-20260326T175230Z.bin,dcaa6bedfb1fc1c5ba83d4e53c4a2e9997ed7b025d6ced08d7190152d6845235,3366,2026-07-11T11:30:14Z,,ipfs://bafkreig4vjv636y7yhc3va6u4u6euluzs7wxwas5ntwqrvyzafjnnbcsgu,0
gov_action1r44w54hx553mz0sr4cc07f8tlxzj2sa57l2pt3l9pa2ldw42fc7sq5q3rtn,https://raw.githubusercontent.com/snekadmin/Public/refs/heads/main/data_final.jsonld,2c6f7b5ff6456abf209329c4ce8b72e978722144ef67a60950f684cc8a2a7c0f,ok_cached,200,text/plain; charset=utf-8,data/input/governance/anchors/gov_action1r44w54hx553mz0sr4cc07f8tlxzj2sa57l2pt3l9pa2ldw42fc7sq5q3rtn-20260326T175230Z.bin,5071c6491bd19c1c2ab63ea00c67aaac7dceb1d4c7c1010571524b778cf66ef8,14419,2026-07-11T11:30:14Z,,https://raw.githubusercontent.com/snekadmin/Public/refs/heads/main/data_final.jsonld,0
gov_action1g7sw0f8e8qa34lppj2erksvzf4j6e9udwaq6efslc8apdqeazygsq2spyyt,https://ipfs.io/ipfs/bafkreicw6kinbtfwxygoj4jf7khextfq6a3yirlhkldhd7zizdq4xu2ghm,2b225f65102d3eaffc87a84029237926e391d38fc2edb01b70004815e976339f,ok_cached,200,application/json,data/input/governance/anchors/gov_action1g7sw0f8e8qa34lppj2erksvzf4j6e9udwaq6efslc8apdqeazygsq2spyyt-20260326T175231Z.bin,56f290d0ccb6be0ce4f125fa8e4bccb0f03784456752c671ff28c8e1cbd3463b,8582,2026-07-11T11:30:14Z,,ipfs://bafkreicw6kinbtfwxygoj4jf7khextfq6a3yirlhkldhd7zizdq4xu2ghm,0
gov_action1fl6r784t2ffw7q96du2znhprw90r3xvrfugvqelgqewgxex42kdqq9tgrd5,https://raw.githubusercontent.com/snekadmin/Public/refs/heads/main/data.jsonld,73de17cb7080e0b353c4adf33fa7d0f6b75c12ef1c0bd04f87cc8aa5464b3ef4,ok_cached,200,text/plain; charset=utf-8,data/input/governance/anchors/gov_action1fl6r784t2ffw7q96du2znhprw90r3xvrfugvqelgqewgxex42kdqq9tgrd5-20260326T175231Z.bin,7f35fb6ed8cffd6549247cb5fc61223e68d4114f0fe95c5cf4e4fff2d4ef8e86,14398,2026-07-11T11:30:14Z,,https://raw.githubusercontent.com/snekadmin/Public/refs/heads/main/data.jsonld,0
4ff43f1eab5252ef00ba6f1429dc23715e3899834f10c067e8065c8364d5559a#0,https://raw.githubusercontent.com/snekadmin/Public/refs/heads/main/data.jsonld,73de17cb7080e0b353c4adf33fa7d0f6b75c12ef1c0bd04f87cc8aa5464b3ef4,ok_cached,200,text/plain; charset=utf-8,data/input/governance/anchors/gov_action1fl6r784t2ffw7q96du2znhprw90r3xvrfugvqelgqewgxex42kdqq9tgrd5-20260326T175231Z.bin,7f35fb6ed8cffd6549247cb5fc61223e68d4114f0fe95c5cf4e4fff2d4ef8e86,14398,2026-07-11T11:30:14Z,,https://raw.githubusercontent.com/snekadmin/Public/refs/heads/main/data.jsonld,0
47a0e7a4f9383b1afc2192b23b41824d65ac978d7741aca61fc1fa16833d1111#0,https://ipfs.io/ipfs/bafkreicw6kinbtfwxygoj4jf7khextfq6a3yirlhkldhd7zizdq4xu2ghm,2b225f65102d3eaffc87a84029237926e391d38fc2edb01b70004815e976339f,ok_cached,200,application/json,data/input/governance/anchors/gov_action1g7sw0f8e8qa34lppj2erksvzf4j6e9udwaq6efslc8apdqeazygsq2spyyt-20260326T175231Z.bin,56f290d0ccb6be0ce4f125fa8e4bccb0f03784456752c671ff28c8e1cbd3463b,8582,2026-07-11T11:30:14Z,,ipfs://bafkreicw6kinbtfwxygoj4jf7khextfq6a3yirlhkldhd7zizdq4xu2ghm,0
1d6aea56e6a523b13e03ae30ff24ebf9852543b4f7d415c7e50f55f6baaa4e3d#0,https://raw.githubusercontent.com/snekadmin/Public/refs/heads/main/data_final.jsonld,2c6f7b5ff6456abf209329c4ce8b72e978722144ef67a60950f684cc8a2a7c0f,ok_cached,200,text/plain; charset=utf-8,data/input/governance/anchors/gov_action1r44w54hx553mz0sr4cc07f8tlxzj2sa57l2pt3l9pa2ldw42fc7sq5q3rtn-20260326T175230Z.bin,5071c6491bd19c1c2ab63ea00c67aaac7dceb1d4c7c1010571524b778cf66ef8,14419,2026-07-11T11:30:14Z,,https://raw.githubusercontent.com/snekadmin/Public/refs/heads/main/data_final.jsonld,0
gov_action193leqzml768nz7nmpepzx822a5mzyanqhtewaxjtul5gp6uhwvfsqgl2qg0,https://ipfs.io/ipfs/bafkreibelpp2qzjcpeizeobf57tmhl4q6kauutytdve3mqzzjxzp2jqjxm,f0c794a2c0168a534828149ba95e21ef81bfbc659e1461a28c38cb7fb423fec1,ok_cached,200,application/json,data/input/governance/anchors/gov_action193leqzml768nz7nmpepzx822a5mzyanqhtewaxjtul5gp6uhwvfsqgl2qg0-20260326T175231Z.bin,245bdfa865227911923825efe6c3af90f2814a4f131d49b643394df2fd2609bb,15112,2026-07-11T11:30:14Z,,ipfs://bafkreibelpp2qzjcpeizeobf57tmhl4q6kauutytdve3mqzzjxzp2jqjxm,0
gov_action18nefry4qacd80xzs2srjahxm2e4vz3c8wvrr03rrtk8mdqfuknysq66459t,https://ipfs.io/ipfs/bafkreihj3ddbz7c52l2s3klalsf4ux5xqkawktom5v5apfral37hs6kpki,daef7fd77381f73cb8ac592762e4073cf18c756d347aefadc8a5bc32c1383a1b,ok_cached,200,application/json,data/input/governance/anchors/gov_action18nefry4qacd80xzs2srjahxm2e4vz3c8wvrr03rrtk8mdqfuknysq66459t-20260326T175231Z.bin,e9d8c61cfc5dd2f52da9605c8bca5fb78281654dcced7a0796205efe79794f52,12789,2026-07-11T11:30:14Z,,ipfs://bafkreihj3ddbz7c52l2s3klalsf4ux5xqkawktom5v5apfral37hs6kpki,0
gov_action13tfag48nf94rtjcdq7c06vhkslmxxw9h6c88sl7q5g5nnewcsvlzzy7m65d,https://ipfs.io/ipfs/bafkreialtiknfumaxc23xjqxs2r4g5qjca3tikopmottieu5iq2sr77b3i,6910800633dc66b84bb36e9ca1b520224ff68cf098e4eec51e621902036f67c3,ok_cached,200,application/json,data/input/governance/anchors/gov_action13tfag48nf94rtjcdq7c06vhkslmxxw9h6c88sl7q5g5nnewcsvlzzy7m65d-20260326T175231Z.bin,0b9a14d2d180b8b5bba61796a3c3760910373429cf63a734129d443528ffe1da,14790,2026-07-11T11:30:14Z,,ipfs://bafkreialtiknfumaxc23xjqxs2r4g5qjca3tikopmottieu5iq2sr77b3i,0
gov_action13tfag48nf94rtjcdq7c06vhkslmxxw9h6c88sl7q5g5nnewcsvlzyc3clg6,https://ipfs.io/ipfs/bafkreigrw7v6q2wcnbgjd22ev6eepitgaegtkkmhzwmsccfxmejkc3okbm,e6c107cbeebdb4d1130befae9306527fe0e0f7deabaa23259579ef5ec1f1b6e6,ok_cached,200,application/json,data/input/governance/anchors/gov_action13tfag48nf94rtjcdq7c06vhkslmxxw9h6c88sl7q5g5nnewcsvlzyc3clg6-20260326T175231Z.bin,d1b7ebe86ac2684c91eb44af8847a266010d352987cd992108b76112a16dca0b,15910,2026-07-11T11:30:14Z,,ipfs://bafkreigrw7v6q2wcnbgjd22ev6eepitgaegtkkmhzwmsccfxmejkc3okbm,0
gov_action13tfag48nf94rtjcdq7c06vhkslmxxw9h6c88sl7q5g5nnewcsvlzxt5eumh,https://ipfs.io/ipfs/bafkreicjt5d4y7phbqwyhfkmtz75u2nck3is5cuywkcisnmtsuibdrm3li,1d6faf578358ce2f2a2ce53611e23deefe2710f850410d4c75d362b7b710ac8e,ok_cached,200,application/json,data/input/governance/anchors/gov_action13tfag48nf94rtjcdq7c06vhkslmxxw9h6c88sl7q5g5nnewcsvlzxt5eumh-20260326T175231Z.bin,499f47cc7de70c2d83954c9e7fda69a256d12e8a98b284893593951011c59b5a,17608,2026-07-11T11:30:14Z,,ipfs://bafkreicjt5d4y7phbqwyhfkmtz75u2nck3is5cuywkcisnmtsuibdrm3li,0
gov_action13tfag48nf94rtjcdq7c06vhkslmxxw9h6c88sl7q5g5nnewcsvlzqhm6e8q,https://ipfs.io/ipfs/bafkreigq3zbxymon7of3x4jtn7zrzjk2merntcd54yhvmgsjsduq6h3zwa,05e073547f99696350be0962e120f8af3236b15a36952468055834f97c570d61,ok_cached,200,application/json,data/input/governance/anchors/gov_action13tfag48nf94rtjcdq7c06vhkslmxxw9h6c88sl7q5g5nnewcsvlzqhm6e8q-20260326T175232Z.bin,d0de437c31cdfb8bbbf1336ff31ca55a6122d9887de60f561a4990e90f1f79b0,16843,2026-07-11T11:30:14Z,,ipfs://bafkreigq3zbxymon7of3x4jtn7zrzjk2merntcd54yhvmgsjsduq6h3zwa,0
gov_action13tfag48nf94rtjcdq7c06vhkslmxxw9h6c88sl7q5g5nnewcsvlzgf074ea,https://ipfs.io/ipfs/bafkreig4bosl5dfpmtqguybf4yaffkwo5hcaxxy2k7wlbwdl57twojfk2i,82285aab3908be1a26b7c05cc79afce7eae51f895bcc2cbd70333c8d364000fa,ok_cached,200,application/json,data/input/governance/anchors/gov_action13tfag48nf94rtjcdq7c06vhkslmxxw9h6c88sl7q5g5nnewcsvlzgf074ea-20260326T175232Z.bin,dc0ba4be8caf64e06a6025e60052aacee9c40bdf1a57ecb0d86befe76724aad2,14421,2026-07-11T11:30:14Z,,ipfs://bafkreig4bosl5dfpmtqguybf4yaffkwo5hcaxxy2k7wlbwdl57twojfk2i,0
gov_action13tfag48nf94rtjcdq7c06vhkslmxxw9h6c88sl7q5g5nnewcsvlqz6d98zp,https://ipfs.io/ipfs/bafkreigt5xy56qjxd7dl2s7u6jxec2cfxevynppvgnnjifc2wawr7md5ha,442b57ebf94db21544475a5dbdfe57f50e648646533d31bfa329c280aebfcfe9,ok_cached,200,application/json,data/input/governance/anchors/gov_action13tfag48nf94rtjcdq7c06vhkslmxxw9h6c88sl7q5g5nnewcsvlqz6d98zp-20260326T175232Z.bin,d3edf1df41371fc6bd4bf4f26e416845b92b86bdf5335a94145ab02d1fb07d38,18406,2026-07-11T11:30:14Z,,ipfs://bafkreigt5xy56qjxd7dl2s7u6jxec2cfxevynppvgnnjifc2wawr7md5ha,0
gov_action13tfag48nf94rtjcdq7c06vhkslmxxw9h6c88sl7q5g5nnewcsvlqyxzxz7k,https://ipfs.io/ipfs/bafkreidgiirfod3axto3xf3nducsao5w4rp6vqrijeh5m6mqgdxotaafbq,8d1c0464f194050638886d250d50900b63761673f6782cdf068ceebaf09624d7,ok_cached,200,application/json,data/input/governance/anchors/gov_action13tfag48nf94rtjcdq7c06vhkslmxxw9h6c88sl7q5g5nnewcsvlqyxzxz7k-20260326T175232Z.bin,664222570f60bcddbb976d1d05203bb6e45feac228490fd6799030eee980050c,15182,2026-07-11T11:30:14Z,,ipfs://bafkreidgiirfod3axto3xf3nducsao5w4rp6vqrijeh5m6mqgdxotaafbq,0
gov_action13tfag48nf94rtjcdq7c06vhkslmxxw9h6c88sl7q5g5nnewcsvlqx488pdm,https://ipfs.io/ipfs/bafkreicmz5a6ylplflowjdj7vjzp6glt45k2r6mnhwlmzq7kjkl3fvuzeu,6aa8145ce310d9cdd733690a36ec68d017ec3c7f5bad82bfb3cf3792dc4787fc,ok_cached,200,application/json,data/input/governance/anchors/gov_action13tfag48nf94rtjcdq7c06vhkslmxxw9h6c88sl7q5g5nnewcsvlqx488pdm-20260326T175232Z.bin,4ccf41ec2deb2add648d3faa72ff1973e755a8f98d3d96ccc3ea4a97b2d69925,13909,2026-07-11T11:30:14Z,,ipfs://bafkreicmz5a6ylplflowjdj7vjzp6glt45k2r6mnhwlmzq7kjkl3fvuzeu,0
gov_action13tfag48nf94rtjcdq7c06vhkslmxxw9h6c88sl7q5g5nnewcsvlqwtnrdnx,https://ipfs.io/ipfs/bafkreigjofgwm4qtwn7r3e6nczaxo7jp4fmhzphozrpcuvnx5k2khlbtty,81d30592754fb8e332e5f5457e92107e0cb98c49a176eed4959067fa65989c54,ok_cached,200,application/json,data/input/governance/anchors/gov_action13tfag48nf94rtjcdq7c06vhkslmxxw9h6c88sl7q5g5nnewcsvlqwtnrdnx-20260326T175232Z.bin,c9714d667213b37f1d93cd1641777d2fe1587cbceecc5e2a55b7eab4a3ac339e,13366,2026-07-11T11:30:14Z,,ipfs://bafkreigjofgwm4qtwn7r3e6nczaxo7jp4fmhzphozrpcuvnx5k2khlbtty,0
gov_action13tfag48nf94rtjcdq7c06vhkslmxxw9h6c88sl7q5g5nnewcsvlqvckzwqt,https://ipfs.io/ipfs/bafkreigfhg7nn4pshyogcokcuo7ohpjpw6gaatnm74hum5vungrqwvpxs4,33ee5e233b63202eaee7012a94775a1962655684fb23a1d2fcdef8495b7253b5,ok_cached,200,application/json,data/input/governance/anchors/gov_action13tfag48nf94rtjcdq7c06vhkslmxxw9h6c88sl7q5g5nnewcsvlqvckzwqt-20260326T175232Z.bin,c539bed6f1f23e1c613942a3bee3bd2fb78c004dacff0f4676b469a30b55f797,12761,2026-07-11T11:30:14Z,,ipfs://bafkreigfhg7nn4pshyogcokcuo7ohpjpw6gaatnm74hum5vungrqwvpxs4,0
gov_action13tfag48nf94rtjcdq7c06vhkslmxxw9h6c88sl7q5g5nnewcsvlqudh2k4c,https://ipfs.io/ipfs/bafkreidlgy2mljdxjknsxzpy6im5xkgsw4ticvwqmgedecs53dzdqhgdlu,225fab3a8600db184858739731afcfbaf3edc68f5605f5cac402070d0e11402a,ok_cached,200,application/json,data/input/governance/anchors/gov_action13tfag48nf94rtjcdq7c06vhkslmxxw9h6c88sl7q5g5nnewcsvlqudh2k4c-20260326T175232Z.bin,6b3634c5a4774a9b2be5f8f219dba8d2b7268156d06188320a5dd8f2381cc35d,16587,2026-07-11T11:30:14Z,,ipfs://bafkreidlgy2mljdxjknsxzpy6im5xkgsw4ticvwqmgedecs53dzdqhgdlu,0
gov_action13tfag48nf94rtjcdq7c06vhkslmxxw9h6c88sl7q5g5nnewcsvlqsufvuyl,https://ipfs.io/ipfs/bafkreihqhuiuwdjyukw4ul5obxz656ndyz5najokjhdw7mbdscskyaalfu,ec310bd41bbdf756ad1deca9134e47662d4ae40a8ba5db3f4b694088d5cd17e9,ok_cached,200,application/json,data/input/governance/anchors/gov_action13tfag48nf94rtjcdq7c06vhkslmxxw9h6c88sl7q5g5nnewcsvlqsufvuyl-20260326T175233Z.bin,f03d114b0d38a2adca2fae0df3eef9a3c67ad025ca49c76fb02390a4ac000b2d,14079,2026-07-11T11:30:14Z,,ipfs://bafkreihqhuiuwdjyukw4ul5obxz656ndyz5najokjhdw7mbdscskyaalfu,0
gov_action13tfag48nf94rtjcdq7c06vhkslmxxw9h6c88sl7q5g5nnewcsvlqqfgyy3v,https://ipfs.io/ipfs/bafkreidjnukg5c7u5zlkxaciy4hkxfixvtquhx6uzlqpydvrxormfqpdm4,6611ea5602de95d463ecf28f1c4ca26ad91fe7ed499d0a1594e3c2fd528a2a62,ok_cached,200,application/json,data/input/governance/anchors/gov_action13tfag48nf94rtjcdq7c06vhkslmxxw9h6c88sl7q5g5nnewcsvlqqfgyy3v-20260326T175233Z.bin,696d146e8bf4ee56ab8048c70eab9517ace143dfd4cae0fc0eb1bba2c2c1e367,14777,2026-07-11T11:30:14Z,,ipfs://bafkreidjnukg5c7u5zlkxaciy4hkxfixvtquhx6uzlqpydvrxormfqpdm4,0
gov_action13tfag48nf94rtjcdq7c06vhkslmxxw9h6c88sl7q5g5nnewcsvlqkqx0ecg,https://ipfs.io/ipfs/bafkreiedjhlwerulq5qg5tku2qqremf2cf2dguxvktttnjddei3fxct37a,0865ae8cbb9944db8fe55226ddb81870ef2c437e04ad5f960bf1df6d4248a848,ok_cached,200,application/json,data/input/governance/anchors/gov_action13tfag48nf94rtjcdq7c06vhkslmxxw9h6c88sl7q5g5nnewcsvlqkqx0ecg-20260326T175233Z.bin,8349d762468b87606ecd54d4211230ba11743352f554e736a46322365b8a7bf8,16023,2026-07-11T11:30:14Z,,ipfs://bafkreiedjhlwerulq5qg5tku2qqremf2cf2dguxvktttnjddei3fxct37a,0
gov_action13tfag48nf94rtjcdq7c06vhkslmxxw9h6c88sl7q5g5nnewcsvlqj0vdlhj,https://ipfs.io/ipfs/bafkreibwg74hpx5vyyixzggxdkunrqy6kdkx2mpp57r6fknkqe7z263omm,544766bf20cf0099532a2c65d58b9a33c6078d8939e14dbfc4c18386d816fb32,ok_cached,200,application/json,data/input/governance/anchors/gov_action13tfag48nf94rtjcdq7c06vhkslmxxw9h6c88sl7q5g5nnewcsvlqj0vdlhj-20260326T175233Z.bin,3637f877dfb5c6117c98d71aa8d8c31e50d57d31efefe3e2a9aa813f9d7b6e63,12743,2026-07-11T11:30:14Z,,ipfs://bafkreibwg74hpx5vyyixzggxdkunrqy6kdkx2mpp57r6fknkqe7z263omm,0
gov_action13tfag48nf94rtjcdq7c06vhkslmxxw9h6c88sl7q5g5nnewcsvlqghuqg03,https://ipfs.io/ipfs/bafkreigm5xreg7ezyedhowwecyy2qnue3bfhbw5dex5odmvunddeg5jsem,d09693b720a87b5ea098b64dcd6687ece19cb407d3d38b9a08149199591ce39e,ok_cached,200,application/json,data/input/governance/anchors/gov_action13tfag48nf94rtjcdq7c06vhkslmxxw9h6c88sl7q5g5nnewcsvlqghuqg03-20260326T175233Z.bin,ccede2437c99c106775ac41631a83684d84a70dba325fae1b2b468c643753223,14146,2026-07-11T11:30:14Z,,ipfs://bafkreigm5xreg7ezyedhowwecyy2qnue3bfhbw5dex5odmvunddeg5jsem,0
gov_action13tfag48nf94rtjcdq7c06vhkslmxxw9h6c88sl7q5g5nnewcsvlqczags6z,https://ipfs.io/ipfs/bafkreig7hi75t33nvu5t6y4hqf26thdpwvwvqcuzo3o3ehccslrwtf6bwe,35e6ee6e76bc847af8a9731d5341ae697f62485cc1ad946527587663e4ec0862,ok_cached,200,application/json,data/input/governance/anchors/gov_action13tfag48nf94rtjcdq7c06vhkslmxxw9h6c88sl7q5g5nnewcsvlqczags6z-20260326T175233Z.bin,df3a3fd9ef6dad3b3f63878175e99c6fb56d580a9976ddb21c4292e36997c1b1,11883,2026-07-11T11:30:14Z,,ipfs://bafkreig7hi75t33nvu5t6y4hqf26thdpwvwvqcuzo3o3ehccslrwtf6bwe,0
gov_action13tfag48nf94rtjcdq7c06vhkslmxxw9h6c88sl7q5g5nnewcsvlq77jt4x4,https://ipfs.io/ipfs/bafkreians5wdbxjgttbajinzfrhdxd7q7mzpfahsyyjntcq4xekts4qasu,0274553f9fd998e540d3259081a7c2ef5eafce501606f588676b95d6f0bcc25f,ok_cached,200,application/json,data/input/governance/anchors/gov_action13tfag48nf94rtjcdq7c06vhkslmxxw9h6c88sl7q5g5nnewcsvlq77jt4x4-20260326T175233Z.bin,0d976c30dd269cc204a1b92c4e3b8ff0fb32f280f2c612d98a1cb91539720095,18266,2026-07-11T11:30:14Z,,ipfs://bafkreians5wdbxjgttbajinzfrhdxd7q7mzpfahsyyjntcq4xekts4qasu,0
gov_action13tfag48nf94rtjcdq7c06vhkslmxxw9h6c88sl7q5g5nnewcsvlq63cfnf0,https://ipfs.io/ipfs/bafkreienjc55atyjxfy7ij2mthoud6m2um5snifhjvurflfujf4s2sa3le,2c7c141d70a47bbe09bab2d74a777c9bac5e65072b808e56364df23e490e7158,ok_cached,200,application/json,data/input/governance/anchors/gov_action13tfag48nf94rtjcdq7c06vhkslmxxw9h6c88sl7q5g5nnewcsvlq63cfnf0-20260326T175233Z.bin,8d48bbd04f09b971f4274c99dd41f99aa33b26a0a74d6912acb449792d481b59,12647,2026-07-11T11:30:14Z,,ipfs://bafkreienjc55atyjxfy7ij2mthoud6m2um5snifhjvurflfujf4s2sa3le,0
gov_action13tfag48nf94rtjcdq7c06vhkslmxxw9h6c88sl7q5g5nnewcsvlq5nrw6t9,https://ipfs.io/ipfs/bafkreicc2dbqlrkqhahasq2qqho3lry2axt4adrfnamro43m56v5sib7hi,9301895f96b7874146af42202c318f5ba09972a435c33a4897d4c4f9ecc369b5,ok_cached,200,application/json,data/input/governance/anchors/gov_action13tfag48nf94rtjcdq7c06vhkslmxxw9h6c88sl7q5g5nnewcsvlq5nrw6t9-20260326T175233Z.bin,42d0c305c550380e09435081ddb5c71a05e7c00e25681917736cefabd9203f3a,16818,2026-07-11T11:30:14Z,,ipfs://bafkreicc2dbqlrkqhahasq2qqho3lry2axt4adrfnamro43m56v5sib7hi,0
gov_action13tfag48nf94rtjcdq7c06vhkslmxxw9h6c88sl7q5g5nnewcsvlq2yeptuu,https://ipfs.io/ipfs/bafkreibcranrq3y5eh7pcjuvq2tcmlapfw2pc7x3nazwp5lonx6docoayu,ca11386eb00bb251d30325abf0aeac97aeca08e97efe9bd421450ed25c558cbd,ok_cached,200,application/json,data/input/governance/anchors/gov_action13tfag48nf94rtjcdq7c06vhkslmxxw9h6c88sl7q5g5nnewcsvlq2yeptuu-20260326T175233Z.bin,22881b186f1d21fef1269586a6262c0f2db4f17efb683367f56e6dfc3709c0c5,13872,2026-07-11T11:30:14Z,,ipfs://bafkreibcranrq3y5eh7pcjuvq2tcmlapfw2pc7x3nazwp5lonx6docoayu,0
gov_action13tfag48nf94rtjcdq7c06vhkslmxxw9h6c88sl7q5g5nnewcsvlpz4s2af8,https://ipfs.io/ipfs/bafkreiceukwtpmes66twb3axkdmftpg3p5vyfolgcyhkentlbuilc274fq,543eab698dcbf20074c31b7898df8476b48aef779db1117d3b64ca8f224b18a7,ok_cached,200,application/json,data/input/governance/anchors/gov_action13tfag48nf94rtjcdq7c06vhkslmxxw9h6c88sl7q5g5nnewcsvlpz4s2af8-20260326T175234Z.bin,44a2ad37b092f7a760ec1750d859bcdb7f6b82b966160ea2366b0d10b16bfc2c,14741,2026-07-11T11:30:14Z,,ipfs://bafkreiceukwtpmes66twb3axkdmftpg3p5vyfolgcyhkentlbuilc274fq,0
gov_action13tfag48nf94rtjcdq7c06vhkslmxxw9h6c88sl7q5g5nnewcsvlpyflfc4s,https://ipfs.io/ipfs/bafkreicrrim5wicmsnrjpw7gp52jmebn7a2ly6j4eopjkvdsol6adyboqu,8bd3688c66f2735153455586c3d795358d04ef0f29243d22318a926bad73994f,ok_cached,200,application/json,data/input/governance/anchors/gov_action13tfag48nf94rtjcdq7c06vhkslmxxw9h6c88sl7q5g5nnewcsvlpyflfc4s-20260326T175234Z.bin,518a19db204c936297dbe67f7496102df834bc793c239e95547272fc01e02e85,13463,2026-07-11T11:30:14Z,,ipfs://bafkreicrrim5wicmsnrjpw7gp52jmebn7a2ly6j4eopjkvdsol6adyboqu,0
gov_action13tfag48nf94rtjcdq7c06vhkslmxxw9h6c88sl7q5g5nnewcsvlpx66gmxa,https://ipfs.io/ipfs/bafkreihd2hqcfvssop4aqxxqoch63ds6mkpapsfm7j7onyvemzayiby4ua,13b431cf1bf0c152fb7e06906978446f5bcafa88f75c7943c0c3b9d2fed22e6a,ok_cached,200,application/json,data/input/governance/anchors/gov_action13tfag48nf94rtjcdq7c06vhkslmxxw9h6c88sl7q5g5nnewcsvlpx66gmxa-20260326T175234Z.bin,e3d1e022d65273f8085ef0708fed8e5e629e07c8acfa7ee6e2a4664184071ca0,21235,2026-07-11T11:30:14Z,,ipfs://bafkreihd2hqcfvssop4aqxxqoch63ds6mkpapsfm7j7onyvemzayiby4ua,0
gov_action13tfag48nf94rtjcdq7c06vhkslmxxw9h6c88sl7q5g5nnewcsvlpwywvhcq,https://ipfs.io/ipfs/bafkreid2pq5icpp77nfvdvnb5ipy3fqs77tpnls4ngxy6semzkdq7d2z7y,5edb23193df820ab4e8334d2e12fdc57aac5f06fe9a81067aa651b3439b57119,ok_cached,200,application/json,data/input/governance/anchors/gov_action13tfag48nf94rtjcdq7c06vhkslmxxw9h6c88sl7q5g5nnewcsvlpwywvhcq-20260326T175234Z.bin,7a7c3a813dfffb4b51d5a1ea1f8d9612ffe6f6ae5c69af8f488cca870f8f59fe,16946,2026-07-11T11:30:14Z,,ipfs://bafkreid2pq5icpp77nfvdvnb5ipy3fqs77tpnls4ngxy6semzkdq7d2z7y,0
gov_action13tfag48nf94rtjcdq7c06vhkslmxxw9h6c88sl7q5g5nnewcsvlpvhtd5td,https://ipfs.io/ipfs/bafkreigltrp3abb6s667vrtnyspriii2j4wg25cieulbn26s3v36d4qsay,0fea1e7935a6a4257cf894d12c10ce650bf760b1bfa5cd13f51de6f7cdde9f6a,ok_cached,200,application/json,data/input/governance/anchors/gov_action13tfag48nf94rtjcdq7c06vhkslmxxw9h6c88sl7q5g5nnewcsvlpvhtd5td-20260326T175234Z.bin,cb9c5fb0043e97bdfac66dc49f14211a4f2c6d7448251616ebd2dd77e1f21206,17249,2026-07-11T11:30:14Z,,ipfs://bafkreigltrp3abb6s667vrtnyspriii2j4wg25cieulbn26s3v36d4qsay,0
gov_action13tfag48nf94rtjcdq7c06vhkslmxxw9h6c88sl7q5g5nnewcsvlpuz29v77,https://ipfs.io/ipfs/bafkreidccjzvdy7np2uybq22w4n52cqu2qguoaws4o3j3wvu2rk4n27npq,de0a1dc8171a2b2a55eb65413c8ec85e62a8fb12dd339dee954c1a23e6fe4555,ok_cached,200,application/json,data/input/governance/anchors/gov_action13tfag48nf94rtjcdq7c06vhkslmxxw9h6c88sl7q5g5nnewcsvlpuz29v77-20260326T175234Z.bin,62127351e3ed7ea980c35ab71bdd0a14d40d4702d2e3b69ddab4d455c6ebed7c,16547,2026-07-11T11:30:14Z,,ipfs://bafkreidccjzvdy7np2uybq22w4n52cqu2qguoaws4o3j3wvu2rk4n27npq,0
gov_action13tfag48nf94rtjcdq7c06vhkslmxxw9h6c88sl7q5g5nnewcsvlpsn5rx0e,https://ipfs.io/ipfs/bafkreidcvqu57gic4bigicuk6ssiykrkrfzi7c3jlwgiyxuskggqnyvcim,d8e6cc4597d146f0a25c86daa9dfa0f3f106db7baa6d32e79c8992d6c36bac43,ok_cached,200,application/json,data/input/governance/anchors/gov_action13tfag48nf94rtjcdq7c06vhkslmxxw9h6c88sl7q5g5nnewcsvlpsn5rx0e-20260326T175234Z.bin,62ac29df9902e050640a8af4a48c2a2a89728f8b695d8c8c5e92518d06e2a243,16007,2026-07-11T11:30:14Z,,ipfs://bafkreidcvqu57gic4bigicuk6ssiykrkrfzi7c3jlwgiyxuskggqnyvcim,0
gov_action13tfag48nf94rtjcdq7c06vhkslmxxw9h6c88sl7q5g5nnewcsvlpqx4t762,https://ipfs.io/ipfs/bafkreiechnwimuhwdwovwscljcsypzjlidrmktcbcssoovbgwgxkm4g4d4,e998c36fe5dfefc1d7db075b256ae8a2d0a221c270c4c6beb11bfeebd535c6b4,ok_cached,200,application/json,data/input/governance/anchors/gov_action13tfag48nf94rtjcdq7c06vhkslmxxw9h6c88sl7q5g5nnewcsvlpqx4t762-20260326T175234Z.bin,823b6c8650f61d9d5b484b48a587e52b40e2c54c4114a4e75426b1aea670dc1f,11405,2026-07-11T11:30:14Z,,ipfs://bafkreiechnwimuhwdwovwscljcsypzjlidrmktcbcssoovbgwgxkm4g4d4,0
gov_action13tfag48nf94rtjcdq7c06vhkslmxxw9h6c88sl7q5g5nnewcsvlpk0mqrnw,https://ipfs.io/ipfs/bafkreicek47fmmvljbc2bjosg23x7hj5h7ijg7on447oy5gfuii7opgm6y,e0b3334da88a7d80049cda2f4bd4491582d79fc8f76311eb83f030474ddc3186,ok_cached,200,application/json,data/input/governance/anchors/gov_action13tfag48nf94rtjcdq7c06vhkslmxxw9h6c88sl7q5g5nnewcsvlpk0mqrnw-20260326T175234Z.bin,44573e5632ab4845a0a5d236b77f9d3d3fd0937dcde73eec74c5a211f73cccf6,24000,2026-07-11T11:30:14Z,,ipfs://bafkreicek47fmmvljbc2bjosg23x7hj5h7ijg7on447oy5gfuii7opgm6y,0
gov_action13tfag48nf94rtjcdq7c06vhkslmxxw9h6c88sl7q5g5nnewcsvlpjq3z9u5,https://ipfs.io/ipfs/bafkreihhdmx6eumwipv4zlhlrbbkz6uj52y6xpzpjgwfnkzzzamtqgmq4u,84772ee63ebacc574a240ed9a4c87b0c9dbd52539f7d648582d3941cd62ae307,ok_cached,200,application/json,data/input/governance/anchors/gov_action13tfag48nf94rtjcdq7c06vhkslmxxw9h6c88sl7q5g5nnewcsvlpjq3z9u5-20260326T175235Z.bin,e71b2fe2519643ebccaceb8842acfa89eeb1ebbf2f49ac56ab39c819381990e5,14712,2026-07-11T11:30:14Z,,ipfs://bafkreihhdmx6eumwipv4zlhlrbbkz6uj52y6xpzpjgwfnkzzzamtqgmq4u,0
gov_action13tfag48nf94rtjcdq7c06vhkslmxxw9h6c88sl7q5g5nnewcsvlpgcp0jyh,https://ipfs.io/ipfs/bafkreigivcba5jtrmzvr4ilvokyyzbryry63cz6ctow7tjmmkjxpvgfbsq,8b79b51817672478d2f416c28faaded094679bfe029750df4f5c1800581544d5,ok_cached,200,application/json,data/input/governance/anchors/gov_action13tfag48nf94rtjcdq7c06vhkslmxxw9h6c88sl7q5g5nnewcsvlpgcp0jyh-20260326T175235Z.bin,c8a8820ea671666b1e217572b18c86388e3db167c29badf9a58c526efa98a194,13827,2026-07-11T11:30:14Z,,ipfs://bafkreigivcba5jtrmzvr4ilvokyyzbryry63cz6ctow7tjmmkjxpvgfbsq,0
gov_action13tfag48nf94rtjcdq7c06vhkslmxxw9h6c88sl7q5g5nnewcsvlpcdq823y,https://ipfs.io/ipfs/bafkreidb56gwlzeuzav2xfubcbqa7txllbl2byiadnlxjdr2dgaqgb7z4m,c75b301ed27728ca5f3f12393b6d289560a26984d2683083a14af527279a4b37,ok_cached,200,application/json,data/input/governance/anchors/gov_action13tfag48nf94rtjcdq7c06vhkslmxxw9h6c88sl7q5g5nnewcsvlpcdq823y-20260326T175235Z.bin,61ef8d65e494c82bab968110600fceeb5857a0e1001b57748e3a19810307f9e3,14854,2026-07-11T11:30:14Z,,ipfs://bafkreidb56gwlzeuzav2xfubcbqa7txllbl2byiadnlxjdr2dgaqgb7z4m,0
gov_action13tfag48nf94rtjcdq7c06vhkslmxxw9h6c88sl7q5g5nnewcsvlp730y0dn,https://ipfs.io/ipfs/bafkreihki45xehzrcyk6e7onyjc3u4mjg3vbd72oi5wfg2h6blemtr65yq,7815312a170820ad2f5ad64e11118e31b4110c4bc995f7bd375911ec32e83c1a,ok_cached,200,application/json,data/input/governance/anchors/gov_action13tfag48nf94rtjcdq7c06vhkslmxxw9h6c88sl7q5g5nnewcsvlp730y0dn-20260326T175235Z.bin,ea473b721f311615e27dcdc245ba718936ea11ff4e476c5368fe0ac8c9c7ddc4,18888,2026-07-11T11:30:14Z,,ipfs://bafkreihki45xehzrcyk6e7onyjc3u4mjg3vbd72oi5wfg2h6blemtr65yq,0
gov_action13tfag48nf94rtjcdq7c06vhkslmxxw9h6c88sl7q5g5nnewcsvlp679xfzf,https://ipfs.io/ipfs/bafkreicewinu7ogkkxho7ubwpi6q4iy2xqs2pv4lhvueyz6qe3rkc2icru,2b5c10989138f68e18b3ecf2f762cb0dd5eb233b0e68d6265b5944ac45261425,ok_cached,200,application/json,data/input/governance/anchors/gov_action13tfag48nf94rtjcdq7c06vhkslmxxw9h6c88sl7q5g5nnewcsvlp679xfzf-20260326T175235Z.bin,44b21b4fb8ca55ceefd0367a3d0e231abc25a7d78b3d684c67d026e2a169028d,13635,2026-07-11T11:30:14Z,,ipfs://bafkreicewinu7ogkkxho7ubwpi6q4iy2xqs2pv4lhvueyz6qe3rkc2icru,0
gov_action13tfag48nf94rtjcdq7c06vhkslmxxw9h6c88sl7q5g5nnewcsvlp5u7pqqr,https://ipfs.io/ipfs/bafkreidlb2fusg7asmfcnugcrzmfkhk6sb32b4st5ieji2q3oxmbhm6sma,97de3986c77d6dae95e6e41f8aca5485e27392c186e77a8633d47fd2046c975d,ok_cached,200,application/json,data/input/governance/anchors/gov_action13tfag48nf94rtjcdq7c06vhkslmxxw9h6c88sl7q5g5nnewcsvlp5u7pqqr-20260326T175235Z.bin,6b0e8b491be0930a26d0c28e58551d5e9077a0f253ea08946a1b75d813b3d260,16911,2026-07-11T11:30:14Z,,ipfs://bafkreidlb2fusg7asmfcnugcrzmfkhk6sb32b4st5ieji2q3oxmbhm6sma,0
gov_action13tfag48nf94rtjcdq7c06vhkslmxxw9h6c88sl7q5g5nnewcsvlp2tyw3h6,https://ipfs.io/ipfs/bafkreidy6xsjjpdccodhiurbdcvtcf5tqzkyfgx3ruuhso2ijjuovycuny,b71b018ef4d339cd75de80c9a57259247f1b38242ec2a9ae14f071d78e10352a,ok_cached,200,application/json,data/input/governance/anchors/gov_action13tfag48nf94rtjcdq7c06vhkslmxxw9h6c88sl7q5g5nnewcsvlp2tyw3h6-20260326T175235Z.bin,78f5e494bc62138674522118ab3117b38655829afb8d28793b484a68eae0546e,18557,2026-07-11T11:30:14Z,,ipfs://bafkreidy6xsjjpdccodhiurbdcvtcf5tqzkyfgx3ruuhso2ijjuovycuny,0
8ad3d454f3496a35cb0d07b0fd32f687f66338b7d60e787fc0a22939e5d8833e#9,https://ipfs.io/ipfs/bafkreibwg74hpx5vyyixzggxdkunrqy6kdkx2mpp57r6fknkqe7z263omm,544766bf20cf0099532a2c65d58b9a33c6078d8939e14dbfc4c18386d816fb32,ok_cached,200,application/json,data/input/governance/anchors/gov_action13tfag48nf94rtjcdq7c06vhkslmxxw9h6c88sl7q5g5nnewcsvlqj0vdlhj-20260326T175233Z.bin,3637f877dfb5c6117c98d71aa8d8c31e50d57d31efefe3e2a9aa813f9d7b6e63,12743,2026-07-11T11:30:14Z,,ipfs://bafkreibwg74hpx5vyyixzggxdkunrqy6kdkx2mpp57r6fknkqe7z263omm,0
8ad3d454f3496a35cb0d07b0fd32f687f66338b7d60e787fc0a22939e5d8833e#8,https://ipfs.io/ipfs/bafkreihqhuiuwdjyukw4ul5obxz656ndyz5najokjhdw7mbdscskyaalfu,ec310bd41bbdf756ad1deca9134e47662d4ae40a8ba5db3f4b694088d5cd17e9,ok_cached,200,application/json,data/input/governance/anchors/gov_action13tfag48nf94rtjcdq7c06vhkslmxxw9h6c88sl7q5g5nnewcsvlqsufvuyl-20260326T175233Z.bin,f03d114b0d38a2adca2fae0df3eef9a3c67ad025ca49c76fb02390a4ac000b2d,14079,2026-07-11T11:30:14Z,,ipfs://bafkreihqhuiuwdjyukw4ul5obxz656ndyz5najokjhdw7mbdscskyaalfu,0
8ad3d454f3496a35cb0d07b0fd32f687f66338b7d60e787fc0a22939e5d8833e#7,https://ipfs.io/ipfs/bafkreigjofgwm4qtwn7r3e6nczaxo7jp4fmhzphozrpcuvnx5k2khlbtty,81d30592754fb8e332e5f5457e92107e0cb98c49a176eed4959067fa65989c54,ok_cached,200,application/json,data/input/governance/anchors/gov_action13tfag48nf94rtjcdq7c06vhkslmxxw9h6c88sl7q5g5nnewcsvlqwtnrdnx-20260326T175232Z.bin,c9714d667213b37f1d93cd1641777d2fe1587cbceecc5e2a55b7eab4a3ac339e,13366,2026-07-11T11:30:14Z,,ipfs://bafkreigjofgwm4qtwn7r3e6nczaxo7jp4fmhzphozrpcuvnx5k2khlbtty,0
8ad3d454f3496a35cb0d07b0fd32f687f66338b7d60e787fc0a22939e5d8833e#6,https://ipfs.io/ipfs/bafkreigfhg7nn4pshyogcokcuo7ohpjpw6gaatnm74hum5vungrqwvpxs4,33ee5e233b63202eaee7012a94775a1962655684fb23a1d2fcdef8495b7253b5,ok_cached,200,application/json,data/input/governance/anchors/gov_action13tfag48nf94rtjcdq7c06vhkslmxxw9h6c88sl7q5g5nnewcsvlqvckzwqt-20260326T175232Z.bin,c539bed6f1f23e1c613942a3bee3bd2fb78c004dacff0f4676b469a30b55f797,12761,2026-07-11T11:30:14Z,,ipfs://bafkreigfhg7nn4pshyogcokcuo7ohpjpw6gaatnm74hum5vungrqwvpxs4,0
8ad3d454f3496a35cb0d07b0fd32f687f66338b7d60e787fc0a22939e5d8833e#5,https://ipfs.io/ipfs/bafkreibcranrq3y5eh7pcjuvq2tcmlapfw2pc7x3nazwp5lonx6docoayu,ca11386eb00bb251d30325abf0aeac97aeca08e97efe9bd421450ed25c558cbd,ok_cached,200,application/json,data/input/governance/anchors/gov_action13tfag48nf94rtjcdq7c06vhkslmxxw9h6c88sl7q5g5nnewcsvlq2yeptuu-20260326T175233Z.bin,22881b186f1d21fef1269586a6262c0f2db4f17efb683367f56e6dfc3709c0c5,13872,2026-07-11T11:30:14Z,,ipfs://bafkreibcranrq3y5eh7pcjuvq2tcmlapfw2pc7x3nazwp5lonx6docoayu,0
8ad3d454f3496a35cb0d07b0fd32f687f66338b7d60e787fc0a22939e5d8833e#4,https://ipfs.io/ipfs/bafkreigm5xreg7ezyedhowwecyy2qnue3bfhbw5dex5odmvunddeg5jsem,d09693b720a87b5ea098b64dcd6687ece19cb407d3d38b9a08149199591ce39e,ok_cached,200,application/json,data/input/governance/anchors/gov_action13tfag48nf94rtjcdq7c06vhkslmxxw9h6c88sl7q5g5nnewcsvlqghuqg03-20260326T175233Z.bin,ccede2437c99c106775ac41631a83684d84a70dba325fae1b2b468c643753223,14146,2026-07-11T11:30:14Z,,ipfs://bafkreigm5xreg7ezyedhowwecyy2qnue3bfhbw5dex5odmvunddeg5jsem,0
8ad3d454f3496a35cb0d07b0fd32f687f66338b7d60e787fc0a22939e5d8833e#36,https://ipfs.io/ipfs/bafkreig4bosl5dfpmtqguybf4yaffkwo5hcaxxy2k7wlbwdl57twojfk2i,82285aab3908be1a26b7c05cc79afce7eae51f895bcc2cbd70333c8d364000fa,ok_cached,200,application/json,data/input/governance/anchors/gov_action13tfag48nf94rtjcdq7c06vhkslmxxw9h6c88sl7q5g5nnewcsvlzgf074ea-20260326T175232Z.bin,dc0ba4be8caf64e06a6025e60052aacee9c40bdf1a57ecb0d86befe76724aad2,14421,2026-07-11T11:30:14Z,,ipfs://bafkreig4bosl5dfpmtqguybf4yaffkwo5hcaxxy2k7wlbwdl57twojfk2i,0
8ad3d454f3496a35cb0d07b0fd32f687f66338b7d60e787fc0a22939e5d8833e#35,https://ipfs.io/ipfs/bafkreicjt5d4y7phbqwyhfkmtz75u2nck3is5cuywkcisnmtsuibdrm3li,1d6faf578358ce2f2a2ce53611e23deefe2710f850410d4c75d362b7b710ac8e,ok_cached,200,application/json,data/input/governance/anchors/gov_action13tfag48nf94rtjcdq7c06vhkslmxxw9h6c88sl7q5g5nnewcsvlzxt5eumh-20260326T175231Z.bin,499f47cc7de70c2d83954c9e7fda69a256d12e8a98b284893593951011c59b5a,17608,2026-07-11T11:30:14Z,,ipfs://bafkreicjt5d4y7phbqwyhfkmtz75u2nck3is5cuywkcisnmtsuibdrm3li,0
8ad3d454f3496a35cb0d07b0fd32f687f66338b7d60e787fc0a22939e5d8833e#34,https://ipfs.io/ipfs/bafkreigrw7v6q2wcnbgjd22ev6eepitgaegtkkmhzwmsccfxmejkc3okbm,e6c107cbeebdb4d1130befae9306527fe0e0f7deabaa23259579ef5ec1f1b6e6,ok_cached,200,application/json,data/input/governance/anchors/gov_action13tfag48nf94rtjcdq7c06vhkslmxxw9h6c88sl7q5g5nnewcsvlzyc3clg6-20260326T175231Z.bin,d1b7ebe86ac2684c91eb44af8847a266010d352987cd992108b76112a16dca0b,15910,2026-07-11T11:30:14Z,,ipfs://bafkreigrw7v6q2wcnbgjd22ev6eepitgaegtkkmhzwmsccfxmejkc3okbm,0
8ad3d454f3496a35cb0d07b0fd32f687f66338b7d60e787fc0a22939e5d8833e#33,https://ipfs.io/ipfs/bafkreialtiknfumaxc23xjqxs2r4g5qjca3tikopmottieu5iq2sr77b3i,6910800633dc66b84bb36e9ca1b520224ff68cf098e4eec51e621902036f67c3,ok_cached,200,application/json,data/input/governance/anchors/gov_action13tfag48nf94rtjcdq7c06vhkslmxxw9h6c88sl7q5g5nnewcsvlzzy7m65d-20260326T175231Z.bin,0b9a14d2d180b8b5bba61796a3c3760910373429cf63a734129d443528ffe1da,14790,2026-07-11T11:30:14Z,,ipfs://bafkreialtiknfumaxc23xjqxs2r4g5qjca3tikopmottieu5iq2sr77b3i,0
8ad3d454f3496a35cb0d07b0fd32f687f66338b7d60e787fc0a22939e5d8833e#32,https://ipfs.io/ipfs/bafkreigq3zbxymon7of3x4jtn7zrzjk2merntcd54yhvmgsjsduq6h3zwa,05e073547f99696350be0962e120f8af3236b15a36952468055834f97c570d61,ok_cached,200,application/json,data/input/governance/anchors/gov_action13tfag48nf94rtjcdq7c06vhkslmxxw9h6c88sl7q5g5nnewcsvlzqhm6e8q-20260326T175232Z.bin,d0de437c31cdfb8bbbf1336ff31ca55a6122d9887de60f561a4990e90f1f79b0,16843,2026-07-11T11:30:14Z,,ipfs://bafkreigq3zbxymon7of3x4jtn7zrzjk2merntcd54yhvmgsjsduq6h3zwa,0
8ad3d454f3496a35cb0d07b0fd32f687f66338b7d60e787fc0a22939e5d8833e#31,https://ipfs.io/ipfs/bafkreihki45xehzrcyk6e7onyjc3u4mjg3vbd72oi5wfg2h6blemtr65yq,7815312a170820ad2f5ad64e11118e31b4110c4bc995f7bd375911ec32e83c1a,ok_cached,200,application/json,data/input/governance/anchors/gov_action13tfag48nf94rtjcdq7c06vhkslmxxw9h6c88sl7q5g5nnewcsvlp730y0dn-20260326T175235Z.bin,ea473b721f311615e27dcdc245ba718936ea11ff4e476c5368fe0ac8c9c7ddc4,18888,2026-07-11T11:30:14Z,,ipfs://bafkreihki45xehzrcyk6e7onyjc3u4mjg3vbd72oi5wfg2h6blemtr65yq,0
8ad3d454f3496a35cb0d07b0fd32f687f66338b7d60e787fc0a22939e5d8833e#30,https://ipfs.io/ipfs/bafkreidccjzvdy7np2uybq22w4n52cqu2qguoaws4o3j3wvu2rk4n27npq,de0a1dc8171a2b2a55eb65413c8ec85e62a8fb12dd339dee954c1a23e6fe4555,ok_cached,200,application/json,data/input/governance/anchors/gov_action13tfag48nf94rtjcdq7c06vhkslmxxw9h6c88sl7q5g5nnewcsvlpuz29v77-20260326T175234Z.bin,62127351e3ed7ea980c35ab71bdd0a14d40d4702d2e3b69ddab4d455c6ebed7c,16547,2026-07-11T11:30:14Z,,ipfs://bafkreidccjzvdy7np2uybq22w4n52cqu2qguoaws4o3j3wvu2rk4n27npq,0
8ad3d454f3496a35cb0d07b0fd32f687f66338b7d60e787fc0a22939e5d8833e#3,https://ipfs.io/ipfs/bafkreicmz5a6ylplflowjdj7vjzp6glt45k2r6mnhwlmzq7kjkl3fvuzeu,6aa8145ce310d9cdd733690a36ec68d017ec3c7f5bad82bfb3cf3792dc4787fc,ok_cached,200,application/json,data/input/governance/anchors/gov_action13tfag48nf94rtjcdq7c06vhkslmxxw9h6c88sl7q5g5nnewcsvlqx488pdm-20260326T175232Z.bin,4ccf41ec2deb2add648d3faa72ff1973e755a8f98d3d96ccc3ea4a97b2d69925,13909,2026-07-11T11:30:14Z,,ipfs://bafkreicmz5a6ylplflowjdj7vjzp6glt45k2r6mnhwlmzq7kjkl3fvuzeu,0
8ad3d454f3496a35cb0d07b0fd32f687f66338b7d60e787fc0a22939e5d8833e#29,https://ipfs.io/ipfs/bafkreicewinu7ogkkxho7ubwpi6q4iy2xqs2pv4lhvueyz6qe3rkc2icru,2b5c10989138f68e18b3ecf2f762cb0dd5eb233b0e68d6265b5944ac45261425,ok_cached,200,application/json,data/input/governance/anchors/gov_action13tfag48nf94rtjcdq7c06vhkslmxxw9h6c88sl7q5g5nnewcsvlp679xfzf-20260326T175235Z.bin,44b21b4fb8ca55ceefd0367a3d0e231abc25a7d78b3d684c67d026e2a169028d,13635,2026-07-11T11:30:14Z,,ipfs://bafkreicewinu7ogkkxho7ubwpi6q4iy2xqs2pv4lhvueyz6qe3rkc2icru,0
8ad3d454f3496a35cb0d07b0fd32f687f66338b7d60e787fc0a22939e5d8833e#28,https://ipfs.io/ipfs/bafkreidb56gwlzeuzav2xfubcbqa7txllbl2byiadnlxjdr2dgaqgb7z4m,c75b301ed27728ca5f3f12393b6d289560a26984d2683083a14af527279a4b37,ok_cached,200,application/json,data/input/governance/anchors/gov_action13tfag48nf94rtjcdq7c06vhkslmxxw9h6c88sl7q5g5nnewcsvlpcdq823y-20260326T175235Z.bin,61ef8d65e494c82bab968110600fceeb5857a0e1001b57748e3a19810307f9e3,14854,2026-07-11T11:30:14Z,,ipfs://bafkreidb56gwlzeuzav2xfubcbqa7txllbl2byiadnlxjdr2dgaqgb7z4m,0
8ad3d454f3496a35cb0d07b0fd32f687f66338b7d60e787fc0a22939e5d8833e#27,https://ipfs.io/ipfs/bafkreicek47fmmvljbc2bjosg23x7hj5h7ijg7on447oy5gfuii7opgm6y,e0b3334da88a7d80049cda2f4bd4491582d79fc8f76311eb83f030474ddc3186,ok_cached,200,application/json,data/input/governance/anchors/gov_action13tfag48nf94rtjcdq7c06vhkslmxxw9h6c88sl7q5g5nnewcsvlpk0mqrnw-20260326T175234Z.bin,44573e5632ab4845a0a5d236b77f9d3d3fd0937dcde73eec74c5a211f73cccf6,24000,2026-07-11T11:30:14Z,,ipfs://bafkreicek47fmmvljbc2bjosg23x7hj5h7ijg7on447oy5gfuii7opgm6y,0
8ad3d454f3496a35cb0d07b0fd32f687f66338b7d60e787fc0a22939e5d8833e#26,https://ipfs.io/ipfs/bafkreidlb2fusg7asmfcnugcrzmfkhk6sb32b4st5ieji2q3oxmbhm6sma,97de3986c77d6dae95e6e41f8aca5485e27392c186e77a8633d47fd2046c975d,ok_cached,200,application/json,data/input/governance/anchors/gov_action13tfag48nf94rtjcdq7c06vhkslmxxw9h6c88sl7q5g5nnewcsvlp5u7pqqr-20260326T175235Z.bin,6b0e8b491be0930a26d0c28e58551d5e9077a0f253ea08946a1b75d813b3d260,16911,2026-07-11T11:30:14Z,,ipfs://bafkreidlb2fusg7asmfcnugcrzmfkhk6sb32b4st5ieji2q3oxmbhm6sma,0
8ad3d454f3496a35cb0d07b0fd32f687f66338b7d60e787fc0a22939e5d8833e#25,https://ipfs.io/ipfs/bafkreihhdmx6eumwipv4zlhlrbbkz6uj52y6xpzpjgwfnkzzzamtqgmq4u,84772ee63ebacc574a240ed9a4c87b0c9dbd52539f7d648582d3941cd62ae307,ok_cached,200,application/json,data/input/governance/anchors/gov_action13tfag48nf94rtjcdq7c06vhkslmxxw9h6c88sl7q5g5nnewcsvlpjq3z9u5-20260326T175235Z.bin,e71b2fe2519643ebccaceb8842acfa89eeb1ebbf2f49ac56ab39c819381990e5,14712,2026-07-11T11:30:14Z,,ipfs://bafkreihhdmx6eumwipv4zlhlrbbkz6uj52y6xpzpjgwfnkzzzamtqgmq4u,0
8ad3d454f3496a35cb0d07b0fd32f687f66338b7d60e787fc0a22939e5d8833e#24,https://ipfs.io/ipfs/bafkreidcvqu57gic4bigicuk6ssiykrkrfzi7c3jlwgiyxuskggqnyvcim,d8e6cc4597d146f0a25c86daa9dfa0f3f106db7baa6d32e79c8992d6c36bac43,ok_cached,200,application/json,data/input/governance/anchors/gov_action13tfag48nf94rtjcdq7c06vhkslmxxw9h6c88sl7q5g5nnewcsvlpsn5rx0e-20260326T175234Z.bin,62ac29df9902e050640a8af4a48c2a2a89728f8b695d8c8c5e92518d06e2a243,16007,2026-07-11T11:30:14Z,,ipfs://bafkreidcvqu57gic4bigicuk6ssiykrkrfzi7c3jlwgiyxuskggqnyvcim,0
8ad3d454f3496a35cb0d07b0fd32f687f66338b7d60e787fc0a22939e5d8833e#23,https://ipfs.io/ipfs/bafkreid2pq5icpp77nfvdvnb5ipy3fqs77tpnls4ngxy6semzkdq7d2z7y,5edb23193df820ab4e8334d2e12fdc57aac5f06fe9a81067aa651b3439b57119,ok_cached,200,application/json,data/input/governance/anchors/gov_action13tfag48nf94rtjcdq7c06vhkslmxxw9h6c88sl7q5g5nnewcsvlpwywvhcq-20260326T175234Z.bin,7a7c3a813dfffb4b51d5a1ea1f8d9612ffe6f6ae5c69af8f488cca870f8f59fe,16946,2026-07-11T11:30:14Z,,ipfs://bafkreid2pq5icpp77nfvdvnb5ipy3fqs77tpnls4ngxy6semzkdq7d2z7y,0
8ad3d454f3496a35cb0d07b0fd32f687f66338b7d60e787fc0a22939e5d8833e#22,https://ipfs.io/ipfs/bafkreigltrp3abb6s667vrtnyspriii2j4wg25cieulbn26s3v36d4qsay,0fea1e7935a6a4257cf894d12c10ce650bf760b1bfa5cd13f51de6f7cdde9f6a,ok_cached,200,application/json,data/input/governance/anchors/gov_action13tfag48nf94rtjcdq7c06vhkslmxxw9h6c88sl7q5g5nnewcsvlpvhtd5td-20260326T175234Z.bin,cb9c5fb0043e97bdfac66dc49f14211a4f2c6d7448251616ebd2dd77e1f21206,17249,2026-07-11T11:30:14Z,,ipfs://bafkreigltrp3abb6s667vrtnyspriii2j4wg25cieulbn26s3v36d4qsay,0
8ad3d454f3496a35cb0d07b0fd32f687f66338b7d60e787fc0a22939e5d8833e#21,https://ipfs.io/ipfs/bafkreidy6xsjjpdccodhiurbdcvtcf5tqzkyfgx3ruuhso2ijjuovycuny,b71b018ef4d339cd75de80c9a57259247f1b38242ec2a9ae14f071d78e10352a,ok_cached,200,application/json,data/input/governance/anchors/gov_action13tfag48nf94rtjcdq7c06vhkslmxxw9h6c88sl7q5g5nnewcsvlp2tyw3h6-20260326T175235Z.bin,78f5e494bc62138674522118ab3117b38655829afb8d28793b484a68eae0546e,18557,2026-07-11T11:30:14Z,,ipfs://bafkreidy6xsjjpdccodhiurbdcvtcf5tqzkyfgx3ruuhso2ijjuovycuny,0
8ad3d454f3496a35cb0d07b0fd32f687f66338b7d60e787fc0a22939e5d8833e#20,https://ipfs.io/ipfs/bafkreigivcba5jtrmzvr4ilvokyyzbryry63cz6ctow7tjmmkjxpvgfbsq,8b79b51817672478d2f416c28faaded094679bfe029750df4f5c1800581544d5,ok_cached,200,application/json,data/input/governance/anchors/gov_action13tfag48nf94rtjcdq7c06vhkslmxxw9h6c88sl7q5g5nnewcsvlpgcp0jyh-20260326T175235Z.bin,c8a8820ea671666b1e217572b18c86388e3db167c29badf9a58c526efa98a194,13827,2026-07-11T11:30:14Z,,ipfs://bafkreigivcba5jtrmzvr4ilvokyyzbryry63cz6ctow7tjmmkjxpvgfbsq,0
8ad3d454f3496a35cb0d07b0fd32f687f66338b7d60e787fc0a22939e5d8833e#2,https://ipfs.io/ipfs/bafkreidgiirfod3axto3xf3nducsao5w4rp6vqrijeh5m6mqgdxotaafbq,8d1c0464f194050638886d250d50900b63761673f6782cdf068ceebaf09624d7,ok_cached,200,application/json,data/input/governance/anchors/gov_action13tfag48nf94rtjcdq7c06vhkslmxxw9h6c88sl7q5g5nnewcsvlqyxzxz7k-20260326T175232Z.bin,664222570f60bcddbb976d1d05203bb6e45feac228490fd6799030eee980050c,15182,2026-07-11T11:30:14Z,,ipfs://bafkreidgiirfod3axto3xf3nducsao5w4rp6vqrijeh5m6mqgdxotaafbq,0
8ad3d454f3496a35cb0d07b0fd32f687f66338b7d60e787fc0a22939e5d8833e#19,https://ipfs.io/ipfs/bafkreihd2hqcfvssop4aqxxqoch63ds6mkpapsfm7j7onyvemzayiby4ua,13b431cf1bf0c152fb7e06906978446f5bcafa88f75c7943c0c3b9d2fed22e6a,ok_cached,200,application/json,data/input/governance/anchors/gov_action13tfag48nf94rtjcdq7c06vhkslmxxw9h6c88sl7q5g5nnewcsvlpx66gmxa-20260326T175234Z.bin,e3d1e022d65273f8085ef0708fed8e5e629e07c8acfa7ee6e2a4664184071ca0,21235,2026-07-11T11:30:14Z,,ipfs://bafkreihd2hqcfvssop4aqxxqoch63ds6mkpapsfm7j7onyvemzayiby4ua,0
8ad3d454f3496a35cb0d07b0fd32f687f66338b7d60e787fc0a22939e5d8833e#18,https://ipfs.io/ipfs/bafkreicrrim5wicmsnrjpw7gp52jmebn7a2ly6j4eopjkvdsol6adyboqu,8bd3688c66f2735153455586c3d795358d04ef0f29243d22318a926bad73994f,ok_cached,200,application/json,data/input/governance/anchors/gov_action13tfag48nf94rtjcdq7c06vhkslmxxw9h6c88sl7q5g5nnewcsvlpyflfc4s-20260326T175234Z.bin,518a19db204c936297dbe67f7496102df834bc793c239e95547272fc01e02e85,13463,2026-07-11T11:30:14Z,,ipfs://bafkreicrrim5wicmsnrjpw7gp52jmebn7a2ly6j4eopjkvdsol6adyboqu,0
8ad3d454f3496a35cb0d07b0fd32f687f66338b7d60e787fc0a22939e5d8833e#17,https://ipfs.io/ipfs/bafkreiceukwtpmes66twb3axkdmftpg3p5vyfolgcyhkentlbuilc274fq,543eab698dcbf20074c31b7898df8476b48aef779db1117d3b64ca8f224b18a7,ok_cached,200,application/json,data/input/governance/anchors/gov_action13tfag48nf94rtjcdq7c06vhkslmxxw9h6c88sl7q5g5nnewcsvlpz4s2af8-20260326T175234Z.bin,44a2ad37b092f7a760ec1750d859bcdb7f6b82b966160ea2366b0d10b16bfc2c,14741,2026-07-11T11:30:14Z,,ipfs://bafkreiceukwtpmes66twb3axkdmftpg3p5vyfolgcyhkentlbuilc274fq,0
8ad3d454f3496a35cb0d07b0fd32f687f66338b7d60e787fc0a22939e5d8833e#16,https://ipfs.io/ipfs/bafkreiechnwimuhwdwovwscljcsypzjlidrmktcbcssoovbgwgxkm4g4d4,e998c36fe5dfefc1d7db075b256ae8a2d0a221c270c4c6beb11bfeebd535c6b4,ok_cached,200,application/json,data/input/governance/anchors/gov_action13tfag48nf94rtjcdq7c06vhkslmxxw9h6c88sl7q5g5nnewcsvlpqx4t762-20260326T175234Z.bin,823b6c8650f61d9d5b484b48a587e52b40e2c54c4114a4e75426b1aea670dc1f,11405,2026-07-11T11:30:14Z,,ipfs://bafkreiechnwimuhwdwovwscljcsypzjlidrmktcbcssoovbgwgxkm4g4d4,0
8ad3d454f3496a35cb0d07b0fd32f687f66338b7d60e787fc0a22939e5d8833e#15,https://ipfs.io/ipfs/bafkreians5wdbxjgttbajinzfrhdxd7q7mzpfahsyyjntcq4xekts4qasu,0274553f9fd998e540d3259081a7c2ef5eafce501606f588676b95d6f0bcc25f,ok_cached,200,application/json,data/input/governance/anchors/gov_action13tfag48nf94rtjcdq7c06vhkslmxxw9h6c88sl7q5g5nnewcsvlq77jt4x4-20260326T175233Z.bin,0d976c30dd269cc204a1b92c4e3b8ff0fb32f280f2c612d98a1cb91539720095,18266,2026-07-11T11:30:14Z,,ipfs://bafkreians5wdbxjgttbajinzfrhdxd7q7mzpfahsyyjntcq4xekts4qasu,0
8ad3d454f3496a35cb0d07b0fd32f687f66338b7d60e787fc0a22939e5d8833e#14,https://ipfs.io/ipfs/bafkreidlgy2mljdxjknsxzpy6im5xkgsw4ticvwqmgedecs53dzdqhgdlu,225fab3a8600db184858739731afcfbaf3edc68f5605f5cac402070d0e11402a,ok_cached,200,application/json,data/input/governance/anchors/gov_action13tfag48nf94rtjcdq7c06vhkslmxxw9h6c88sl7q5g5nnewcsvlqudh2k4c-20260326T175232Z.bin,6b3634c5a4774a9b2be5f8f219dba8d2b7268156d06188320a5dd8f2381cc35d,16587,2026-07-11T11:30:14Z,,ipfs://bafkreidlgy2mljdxjknsxzpy6im5xkgsw4ticvwqmgedecs53dzdqhgdlu,0
8ad3d454f3496a35cb0d07b0fd32f687f66338b7d60e787fc0a22939e5d8833e#13,https://ipfs.io/ipfs/bafkreienjc55atyjxfy7ij2mthoud6m2um5snifhjvurflfujf4s2sa3le,2c7c141d70a47bbe09bab2d74a777c9bac5e65072b808e56364df23e490e7158,ok_cached,200,application/json,data/input/governance/anchors/gov_action13tfag48nf94rtjcdq7c06vhkslmxxw9h6c88sl7q5g5nnewcsvlq63cfnf0-20260326T175233Z.bin,8d48bbd04f09b971f4274c99dd41f99aa33b26a0a74d6912acb449792d481b59,12647,2026-07-11T11:30:14Z,,ipfs://bafkreienjc55atyjxfy7ij2mthoud6m2um5snifhjvurflfujf4s2sa3le,0
8ad3d454f3496a35cb0d07b0fd32f687f66338b7d60e787fc0a22939e5d8833e#12,https://ipfs.io/ipfs/bafkreig7hi75t33nvu5t6y4hqf26thdpwvwvqcuzo3o3ehccslrwtf6bwe,35e6ee6e76bc847af8a9731d5341ae697f62485cc1ad946527587663e4ec0862,ok_cached,200,application/json,data/input/governance/anchors/gov_action13tfag48nf94rtjcdq7c06vhkslmxxw9h6c88sl7q5g5nnewcsvlqczags6z-20260326T175233Z.bin,df3a3fd9ef6dad3b3f63878175e99c6fb56d580a9976ddb21c4292e36997c1b1,11883,2026-07-11T11:30:14Z,,ipfs://bafkreig7hi75t33nvu5t6y4hqf26thdpwvwvqcuzo3o3ehccslrwtf6bwe,0
8ad3d454f3496a35cb0d07b0fd32f687f66338b7d60e787fc0a22939e5d8833e#11,https://ipfs.io/ipfs/bafkreiedjhlwerulq5qg5tku2qqremf2cf2dguxvktttnjddei3fxct37a,0865ae8cbb9944db8fe55226ddb81870ef2c437e04ad5f960bf1df6d4248a848,ok_cached,200,application/json,data/input/governance/anchors/gov_action13tfag48nf94rtjcdq7c06vhkslmxxw9h6c88sl7q5g5nnewcsvlqkqx0ecg-20260326T175233Z.bin,8349d762468b87606ecd54d4211230ba11743352f554e736a46322365b8a7bf8,16023,2026-07-11T11:30:14Z,,ipfs://bafkreiedjhlwerulq5qg5tku2qqremf2cf2dguxvktttnjddei3fxct37a,0
8ad3d454f3496a35cb0d07b0fd32f687f66338b7d60e787fc0a22939e5d8833e#10,https://ipfs.io/ipfs/bafkreicc2dbqlrkqhahasq2qqho3lry2axt4adrfnamro43m56v5sib7hi,9301895f96b7874146af42202c318f5ba09972a435c33a4897d4c4f9ecc369b5,ok_cached,200,application/json,data/input/governance/anchors/gov_action13tfag48nf94rtjcdq7c06vhkslmxxw9h6c88sl7q5g5nnewcsvlq5nrw6t9-20260326T175233Z.bin,42d0c305c550380e09435081ddb5c71a05e7c00e25681917736cefabd9203f3a,16818,2026-07-11T11:30:14Z,,ipfs://bafkreicc2dbqlrkqhahasq2qqho3lry2axt4adrfnamro43m56v5sib7hi,0
8ad3d454f3496a35cb0d07b0fd32f687f66338b7d60e787fc0a22939e5d8833e#1,https://ipfs.io/ipfs/bafkreigt5xy56qjxd7dl2s7u6jxec2cfxevynppvgnnjifc2wawr7md5ha,442b57ebf94db21544475a5dbdfe57f50e648646533d31bfa329c280aebfcfe9,ok_cached,200,application/json,data/input/governance/anchors/gov_action13tfag48nf94rtjcdq7c06vhkslmxxw9h6c88sl7q5g5nnewcsvlqz6d98zp-20260326T175232Z.bin,d3edf1df41371fc6bd4bf4f26e416845b92b86bdf5335a94145ab02d1fb07d38,18406,2026-07-11T11:30:14Z,,ipfs://bafkreigt5xy56qjxd7dl2s7u6jxec2cfxevynppvgnnjifc2wawr7md5ha,0
8ad3d454f3496a35cb0d07b0fd32f687f66338b7d60e787fc0a22939e5d8833e#0,https://ipfs.io/ipfs/bafkreidjnukg5c7u5zlkxaciy4hkxfixvtquhx6uzlqpydvrxormfqpdm4,6611ea5602de95d463ecf28f1c4ca26ad91fe7ed499d0a1594e3c2fd528a2a62,ok_cached,200,application/json,data/input/governance/anchors/gov_action13tfag48nf94rtjcdq7c06vhkslmxxw9h6c88sl7q5g5nnewcsvlqqfgyy3v-20260326T175233Z.bin,696d146e8bf4ee56ab8048c70eab9517ace143dfd4cae0fc0eb1bba2c2c1e367,14777,2026-07-11T11:30:14Z,,ipfs://bafkreidjnukg5c7u5zlkxaciy4hkxfixvtquhx6uzlqpydvrxormfqpdm4,0
3cf29192a0ee1a77985054072edcdb566ac14707730637c4635d8fb6813cb4c9#0,https://ipfs.io/ipfs/bafkreihj3ddbz7c52l2s3klalsf4ux5xqkawktom5v5apfral37hs6kpki,daef7fd77381f73cb8ac592762e4073cf18c756d347aefadc8a5bc32c1383a1b,ok_cached,200,application/json,data/input/governance/anchors/gov_action18nefry4qacd80xzs2srjahxm2e4vz3c8wvrr03rrtk8mdqfuknysq66459t-20260326T175231Z.bin,e9d8c61cfc5dd2f52da9605c8bca5fb78281654dcced7a0796205efe79794f52,12789,2026-07-11T11:30:14Z,,ipfs://bafkreihj3ddbz7c52l2s3klalsf4ux5xqkawktom5v5apfral37hs6kpki,0
2c7f900b7ff68f317a7b0e42231d4aed36227660baf2ee9a4be7e880eb977313#0,https://ipfs.io/ipfs/bafkreibelpp2qzjcpeizeobf57tmhl4q6kauutytdve3mqzzjxzp2jqjxm,f0c794a2c0168a534828149ba95e21ef81bfbc659e1461a28c38cb7fb423fec1,ok_cached,200,application/json,data/input/governance/anchors/gov_action193leqzml768nz7nmpepzx822a5mzyanqhtewaxjtul5gp6uhwvfsqgl2qg0-20260326T175231Z.bin,245bdfa865227911923825efe6c3af90f2814a4f131d49b643394df2fd2609bb,15112,2026-07-11T11:30:14Z,,ipfs://bafkreibelpp2qzjcpeizeobf57tmhl4q6kauutytdve3mqzzjxzp2jqjxm,0
gov_action1f9da8n2yaf4updxzmwc7fnw8ug2gwnpvqays5n3yw6nz0mu3z2qqq6ggge9,https://most-brass-sun.quicknode-ipfs.com/ipfs/QmQTpreux4fpWQ5jL4gxZVp7Zx6KNWnoRsj1ApU79c8Y2B,215ed153e091e5146cb2e151a78403fa4c0b91034db6a1d3f0291f454d272009,ok_cached,200,application/json,data/input/governance/anchors/gov_action1f9da8n2yaf4updxzmwc7fnw8ug2gwnpvqays5n3yw6nz0mu3z2qqq6ggge9-20260326T175235Z.bin,0437168b2e532cf33dabc4bb0615770e571c78b4972f75d6a148f40d6c5bda31,2448,2026-07-11T11:30:14Z,,https://most-brass-sun.quicknode-ipfs.com/ipfs/QmQTpreux4fpWQ5jL4gxZVp7Zx6KNWnoRsj1ApU79c8Y2B,0
495bd3cd44ea6bc0b4c2dbb1e4cdc7e214874c2c07490a4e2476a627ef911280#0,https://most-brass-sun.quicknode-ipfs.com/ipfs/QmQTpreux4fpWQ5jL4gxZVp7Zx6KNWnoRsj1ApU79c8Y2B,215ed153e091e5146cb2e151a78403fa4c0b91034db6a1d3f0291f454d272009,ok_cached,200,application/json,data/input/governance/anchors/gov_action1f9da8n2yaf4updxzmwc7fnw8ug2gwnpvqays5n3yw6nz0mu3z2qqq6ggge9-20260326T175235Z.bin,0437168b2e532cf33dabc4bb0615770e571c78b4972f75d6a148f40d6c5bda31,2448,2026-07-11T11:30:14Z,,https://most-brass-sun.quicknode-ipfs.com/ipfs/QmQTpreux4fpWQ5jL4gxZVp7Zx6KNWnoRsj1ApU79c8Y2B,0
gov_action1n5sn54mgf47a7men2ryq6ppx88kta4wvenz2qkl4f9v6ppje8easqxwm88m,https://ipfs.io/ipfs/QmP9iDuML2VmoFigTJifBj87LxZ3DNnREyU27DE1MrpZDg,b3dc422b419a0e7beee4bf594bcfd344d87e2dc593d0fef5eb1fd218c0a6137b,ok_cached,200,application/json,data/input/governance/anchors/gov_action1n5sn54mgf47a7men2ryq6ppx88kta4wvenz2qkl4f9v6ppje8easqxwm88m-20260326T175235Z.bin,76b67242f9cf20ddb42d49b53c0121df1cd9e44cd6d4442e575be02823adfb50,19927,2026-07-11T11:30:14Z,,ipfs://QmP9iDuML2VmoFigTJifBj87LxZ3DNnREyU27DE1MrpZDg,0
9d213a57684d7ddf6f3350c80d042639ecbed5ccccc4a05bf54959a086593e7b#0,https://ipfs.io/ipfs/QmP9iDuML2VmoFigTJifBj87LxZ3DNnREyU27DE1MrpZDg,b3dc422b419a0e7beee4bf594bcfd344d87e2dc593d0fef5eb1fd218c0a6137b,ok_cached,200,application/json,data/input/governance/anchors/gov_action1n5sn54mgf47a7men2ryq6ppx88kta4wvenz2qkl4f9v6ppje8easqxwm88m-20260326T175235Z.bin,76b67242f9cf20ddb42d49b53c0121df1cd9e44cd6d4442e575be02823adfb50,19927,2026-07-11T11:30:14Z,,ipfs://QmP9iDuML2VmoFigTJifBj87LxZ3DNnREyU27DE1MrpZDg,0
gov_action1vrkk4dpuss8l3z9g4uc2rmf8ks0f7j534zvz9v4k85dlc54wa3zsqq68rx0,https://ipfs.io/ipfs/bafkreifw3qs7brjn4tdvyprnh2r343oerbdghasp5ws6ro55frbpll3dta,d2f633b044f33117ace7cde8c045fcc930060a6dbdd083f7491148a86a3c5ebd,ok_cached,200,application/json,data/input/governance/anchors/gov_action1vrkk4dpuss8l3z9g4uc2rmf8ks0f7j534zvz9v4k85dlc54wa3zsqq68rx0-20260326T175236Z.bin,b6dc25f0c52de4c75c3e2d3ea3be6dc4884663824feda5e8bbbd2c42f5af6398,24678,2026-07-11T11:30:14Z,,ipfs://bafkreifw3qs7brjn4tdvyprnh2r343oerbdghasp5ws6ro55frbpll3dta,0
60ed6ab43c840ff888a8af30a1ed27b41e9f4a91a89822b2b63d1bfc52aeec45#0,https://ipfs.io/ipfs/bafkreifw3qs7brjn4tdvyprnh2r343oerbdghasp5ws6ro55frbpll3dta,d2f633b044f33117ace7cde8c045fcc930060a6dbdd083f7491148a86a3c5ebd,ok_cached,200,application/json,data/input/governance/anchors/gov_action1vrkk4dpuss8l3z9g4uc2rmf8ks0f7j534zvz9v4k85dlc54wa3zsqq68rx0-20260326T175236Z.bin,b6dc25f0c52de4c75c3e2d3ea3be6dc4884663824feda5e8bbbd2c42f5af6398,24678,2026-07-11T11:30:14Z,,ipfs://bafkreifw3qs7brjn4tdvyprnh2r343oerbdghasp5ws6ro55frbpll3dta,0
gov_action1u9x73kwufaxa70lfy59g4ynwyrcsaxdcd0gxzzmh67s9fxq4j8hqqk2phgh,https://ipfs.io/ipfs/bafkreibeajhkes7bxjlkghkingcgltqcwazz2ya5oknveqwt5nont7tg6u,b95d8f8e324e9863905f16dbad94c1f25b28b933ae842e6f8ce9841c8da5b197,ok_cached,200,application/json,data/input/governance/anchors/gov_action1u9x73kwufaxa70lfy59g4ynwyrcsaxdcd0gxzzmh67s9fxq4j8hqqk2phgh-20260326T175236Z.bin,24024ea24be1ba56a31d48698465ce02b0339d601d729b5242d3eb5cd9fe66f5,15118,2026-07-11T11:30:14Z,,ipfs://bafkreibeajhkes7bxjlkghkingcgltqcwazz2ya5oknveqwt5nont7tg6u,0
e14de8d9dc4f4ddf3fe9250a8a926e20f10e99b86bd0610b77d7a054981591ee#0,https://ipfs.io/ipfs/bafkreibeajhkes7bxjlkghkingcgltqcwazz2ya5oknveqwt5nont7tg6u,b95d8f8e324e9863905f16dbad94c1f25b28b933ae842e6f8ce9841c8da5b197,ok_cached,200,application/json,data/input/governance/anchors/gov_action1u9x73kwufaxa70lfy59g4ynwyrcsaxdcd0gxzzmh67s9fxq4j8hqqk2phgh-20260326T175236Z.bin,24024ea24be1ba56a31d48698465ce02b0339d601d729b5242d3eb5cd9fe66f5,15118,2026-07-11T11:30:14Z,,ipfs://bafkreibeajhkes7bxjlkghkingcgltqcwazz2ya5oknveqwt5nont7tg6u,0
gov_action1vdlrcftd48qn2zz8egepr6xyfcmxpfz8r69k769gc5mhg662adesq9yy8pl,https://ipfs.io/ipfs/bafkreieu47jw2qoxmqz67qyhhj4pi7fssuth5s4mm42qleqtw5tuzs3pgu,ec7179c11582daa390e6d0c3f3cc46b0116d96aadcc74e02aa8d8e91434ab7af,ok_cached,200,application/json,data/input/governance/anchors/gov_action1vdlrcftd48qn2zz8egepr6xyfcmxpfz8r69k769gc5mhg662adesq9yy8pl-20260326T175236Z.bin,94e7d36d41d76433efc3073a78f47cb295267ecb8c6735059213b7674ccb6f35,3182,2026-07-11T11:30:14Z,,https://ipfs.io/ipfs/bafkreieu47jw2qoxmqz67qyhhj4pi7fssuth5s4mm42qleqtw5tuzs3pgu,0
gov_action1mmalzkcxpyn33t05hml2hxpwq0ffv6uu4mhe8sv7guz5nmm4afysqlmepzl,https://most-brass-sun.quicknode-ipfs.com/ipfs/QmaWrgqcQS7jYyLYFpvBiamZ4mCoeasL78qaPASDaJ6dT3,4a4c99645a68d29eab6615ac71191cc92c745f92f97cdaf47890be1bad7487a7,ok_cached,200,application/json,data/input/governance/anchors/gov_action1mmalzkcxpyn33t05hml2hxpwq0ffv6uu4mhe8sv7guz5nmm4afysqlmepzl-20260326T175236Z.bin,cf9aa8dbd58d3c61cc6c04f40fefce17e62470338602224dc6f90c83a5151486,11051,2026-07-11T11:30:14Z,,https://most-brass-sun.quicknode-ipfs.com/ipfs/QmaWrgqcQS7jYyLYFpvBiamZ4mCoeasL78qaPASDaJ6dT3,0
gov_action1h4ygjv0hjfj3lmafcm76rpdzcm8vsvj9k5wejn3npyxwxm3fesnqqw9kxxz,https://ipfs.io/ipfs/bafkreibqma7t2k4rcywvx5afukahhi3dp2so2ugh7t4ljuawhanvk7sr34,7d2f344f3651a8372ad603abf11fcb310fb3c5154a6592591d1ff97d951156e3,ok_cached,200,application/json,data/input/governance/anchors/gov_action1h4ygjv0hjfj3lmafcm76rpdzcm8vsvj9k5wejn3npyxwxm3fesnqqw9kxxz-20260326T175236Z.bin,30603f3d2b91162d5bf405a28073a3637ea4ed50c7fcf8b4d016381b557e51df,19026,2026-07-11T11:30:14Z,,ipfs://bafkreibqma7t2k4rcywvx5afukahhi3dp2so2ugh7t4ljuawhanvk7sr34,0
gov_action1fpqwxp2kxvnntr8hpkh9q9djm78ccdww7qlhg5safugh4stmcwzqql5lauu,https://raw.githubusercontent.com/theeldermillenial/2025-liquidity-budget/df0b26d8796b19b566008ea9eaa8f17fef2cb6d4/info.jsonld,97df3a30b767ee5b8e2b9fde824d91d3366985243ed73c06b257c2163f9045db,ok_cached,200,text/plain; charset=utf-8,data/input/governance/anchors/gov_action1fpqwxp2kxvnntr8hpkh9q9djm78ccdww7qlhg5safugh4stmcwzqql5lauu-20260326T175236Z.bin,49680fbb9f3c4426bf81bd1c6d8c6f6a40a888984c114ad1456ff9172d337a9b,18150,2026-07-11T11:30:14Z,,https://raw.githubusercontent.com/theeldermillenial/2025-liquidity-budget/df0b26d8796b19b566008ea9eaa8f17fef2cb6d4/info.jsonld,0
defbf15b06092718adf4befeab982e03d2966b9caeef93c19e470549ef75ea49#0,https://most-brass-sun.quicknode-ipfs.com/ipfs/QmaWrgqcQS7jYyLYFpvBiamZ4mCoeasL78qaPASDaJ6dT3,4a4c99645a68d29eab6615ac71191cc92c745f92f97cdaf47890be1bad7487a7,ok_cached,200,application/json,data/input/governance/anchors/gov_action1mmalzkcxpyn33t05hml2hxpwq0ffv6uu4mhe8sv7guz5nmm4afysqlmepzl-20260326T175236Z.bin,cf9aa8dbd58d3c61cc6c04f40fefce17e62470338602224dc6f90c83a5151486,11051,2026-07-11T11:30:14Z,,https://most-brass-sun.quicknode-ipfs.com/ipfs/QmaWrgqcQS7jYyLYFpvBiamZ4mCoeasL78qaPASDaJ6dT3,0
bd488931f792651fefa9c6fda185a2c6cec83245b51d994e33090ce36e29cc26#0,https://ipfs.io/ipfs/bafkreibqma7t2k4rcywvx5afukahhi3dp2so2ugh7t4ljuawhanvk7sr34,7d2f344f3651a8372ad603abf11fcb310fb3c5154a6592591d1ff97d951156e3,ok_cached,200,application/json,data/input/governance/anchors/gov_action1h4ygjv0hjfj3lmafcm76rpdzcm8vsvj9k5wejn3npyxwxm3fesnqqw9kxxz-20260326T175236Z.bin,30603f3d2b91162d5bf405a28073a3637ea4ed50c7fcf8b4d016381b557e51df,19026,2026-07-11T11:30:14Z,,ipfs://bafkreibqma7t2k4rcywvx5afukahhi3dp2so2ugh7t4ljuawhanvk7sr34,0
637e3c256da9c1350847ca3211e8c44e3660a4471e8b6f68a8c537746b4aeb73#0,https://ipfs.io/ipfs/bafkreieu47jw2qoxmqz67qyhhj4pi7fssuth5s4mm42qleqtw5tuzs3pgu,ec7179c11582daa390e6d0c3f3cc46b0116d96aadcc74e02aa8d8e91434ab7af,ok_cached,200,application/json,data/input/governance/anchors/gov_action1vdlrcftd48qn2zz8egepr6xyfcmxpfz8r69k769gc5mhg662adesq9yy8pl-20260326T175236Z.bin,94e7d36d41d76433efc3073a78f47cb295267ecb8c6735059213b7674ccb6f35,3182,2026-07-11T11:30:14Z,,https://ipfs.io/ipfs/bafkreieu47jw2qoxmqz67qyhhj4pi7fssuth5s4mm42qleqtw5tuzs3pgu,0
4840e305563327358cf70dae5015b2df8f8c35cef03f74521d4f117ac17bc384#0,https://raw.githubusercontent.com/theeldermillenial/2025-liquidity-budget/df0b26d8796b19b566008ea9eaa8f17fef2cb6d4/info.jsonld,97df3a30b767ee5b8e2b9fde824d91d3366985243ed73c06b257c2163f9045db,ok_cached,200,text/plain; charset=utf-8,data/input/governance/anchors/gov_action1fpqwxp2kxvnntr8hpkh9q9djm78ccdww7qlhg5safugh4stmcwzqql5lauu-20260326T175236Z.bin,49680fbb9f3c4426bf81bd1c6d8c6f6a40a888984c114ad1456ff9172d337a9b,18150,2026-07-11T11:30:14Z,,https://raw.githubusercontent.com/theeldermillenial/2025-liquidity-budget/df0b26d8796b19b566008ea9eaa8f17fef2cb6d4/info.jsonld,0
gov_action10k0unljvaej0kd89w7pn0zkgdx59c7xkl0x5q78dzvdtd73u0kmqq5xl5y5,https://most-brass-sun.quicknode-ipfs.com/ipfs/QmRrGsZsP5R7cFYFzPXQ9vS2Ux7oTXb1ep1EciLdKqeDWY,30f03001e623d61ae782efe922b21ef79c4a1d06b258fd773d9c762d1a42d9b9,ok_cached,200,application/json,data/input/governance/anchors/gov_action10k0unljvaej0kd89w7pn0zkgdx59c7xkl0x5q78dzvdtd73u0kmqq5xl5y5-20260326T175236Z.bin,53343f70f194f2cb2ba0952275d66898987c0e5be09cf117b05aca743be3e70d,5360,2026-07-11T11:30:14Z,,https://most-brass-sun.quicknode-ipfs.com/ipfs/QmRrGsZsP5R7cFYFzPXQ9vS2Ux7oTXb1ep1EciLdKqeDWY,0
7d9fc9fe4cee64fb34e57783378ac869a85c78d6fbcd4078ed131ab6fa3c7db6#0,https://most-brass-sun.quicknode-ipfs.com/ipfs/QmRrGsZsP5R7cFYFzPXQ9vS2Ux7oTXb1ep1EciLdKqeDWY,30f03001e623d61ae782efe922b21ef79c4a1d06b258fd773d9c762d1a42d9b9,ok_cached,200,application/json,data/input/governance/anchors/gov_action10k0unljvaej0kd89w7pn0zkgdx59c7xkl0x5q78dzvdtd73u0kmqq5xl5y5-20260326T175236Z.bin,53343f70f194f2cb2ba0952275d66898987c0e5be09cf117b05aca743be3e70d,5360,2026-07-11T11:30:14Z,,https://most-brass-sun.quicknode-ipfs.com/ipfs/QmRrGsZsP5R7cFYFzPXQ9vS2Ux7oTXb1ep1EciLdKqeDWY,0
gov_action1nd3t833j7v5sz65k3tp9yyvztw60sjcjgcgjr37682s3m7frwrusqmd2k80,https://ipfs.io/ipfs/bafkreiaqno22swabd3kcqt2awtgwaucdzaagacoemxwadm3exrchhnfite,973452e7c4d204c883c6a9e4c311f72ad6237e827ce05e141f3374c8a04f01bc,ok_cached,200,application/json,data/input/governance/anchors/gov_action1nd3t833j7v5sz65k3tp9yyvztw60sjcjgcgjr37682s3m7frwrusqmd2k80-20260326T175236Z.bin,106bb5a958011ed4284f40b4cd605043c8006009c465ec01b364bc4473b4a899,7808,2026-07-11T11:30:14Z,,ipfs://bafkreiaqno22swabd3kcqt2awtgwaucdzaagacoemxwadm3exrchhnfite,0
9b62b3c632f329016a968ac25211825bb4f84b12461121c7da3aa11df92370f9#0,https://ipfs.io/ipfs/bafkreiaqno22swabd3kcqt2awtgwaucdzaagacoemxwadm3exrchhnfite,973452e7c4d204c883c6a9e4c311f72ad6237e827ce05e141f3374c8a04f01bc,ok_cached,200,application/json,data/input/governance/anchors/gov_action1nd3t833j7v5sz65k3tp9yyvztw60sjcjgcgjr37682s3m7frwrusqmd2k80-20260326T175236Z.bin,106bb5a958011ed4284f40b4cd605043c8006009c465ec01b364bc4473b4a899,7808,2026-07-11T11:30:14Z,,ipfs://bafkreiaqno22swabd3kcqt2awtgwaucdzaagacoemxwadm3exrchhnfite,0
gov_action10ueqgzwenxr39le68n0se9peu92r7gm2846xwehh3u0ahc0qd0uqqyljxu5,https://raw.githubusercontent.com/blockchainada/ga/refs/heads/main/ga01.jsonld,a2fa375274a2c5efa985a1e9811f27ea1ebf8b8dd88cdf9931a5aa856c73832a,ok_cached,200,text/plain; charset=utf-8,data/input/governance/anchors/gov_action10ueqgzwenxr39le68n0se9peu92r7gm2846xwehh3u0ahc0qd0uqqyljxu5-20260326T175237Z.bin,9beb2a30be85adbeb937ecb310eaae1c47f308fff500ffede072bfffd9aae51d,6538,2026-07-11T11:30:14Z,,https://raw.githubusercontent.com/blockchainada/ga/refs/heads/main/ga01.jsonld,0
7f320409d9998712ff3a3cdf0c9439e1543f236a3d746766f78f1fdbe1e06bf8#0,https://raw.githubusercontent.com/blockchainada/ga/refs/heads/main/ga01.jsonld,a2fa375274a2c5efa985a1e9811f27ea1ebf8b8dd88cdf9931a5aa856c73832a,ok_cached,200,text/plain; charset=utf-8,data/input/governance/anchors/gov_action10ueqgzwenxr39le68n0se9peu92r7gm2846xwehh3u0ahc0qd0uqqyljxu5-20260326T175237Z.bin,9beb2a30be85adbeb937ecb310eaae1c47f308fff500ffede072bfffd9aae51d,6538,2026-07-11T11:30:14Z,,https://raw.githubusercontent.com/blockchainada/ga/refs/heads/main/ga01.jsonld,0
gov_action12meeq4r43udremwpm6fzt4nt7fctvt0ah7798x036m2r4nhlccmqqhmr9wx,https://ipfs.io/ipfs/bafkreiada4nn5eaezg43esieduks6l57vzkjdo2yfby7yxv6jrat7ilrdq,b160033b47dfc31885c297c55ba6b68afaf7561da3070eced93d84ad70d8f5b3,ok_cached,200,application/json,data/input/governance/anchors/gov_action12meeq4r43udremwpm6fzt4nt7fctvt0ah7798x036m2r4nhlccmqqhmr9wx-20260326T175237Z.bin,03071ade9004c9b9b249041d152f2fbfae5491bb582871fc5ebe4c413fa1711c,5085,2026-07-11T11:30:14Z,,ipfs://bafkreiada4nn5eaezg43esieduks6l57vzkjdo2yfby7yxv6jrat7ilrdq,0
56f39054758f1a3cedc1de9225d66bf270b62dfdbfbc5399f1d6d43aceffc636#0,https://ipfs.io/ipfs/bafkreiada4nn5eaezg43esieduks6l57vzkjdo2yfby7yxv6jrat7ilrdq,b160033b47dfc31885c297c55ba6b68afaf7561da3070eced93d84ad70d8f5b3,ok_cached,200,application/json,data/input/governance/anchors/gov_action12meeq4r43udremwpm6fzt4nt7fctvt0ah7798x036m2r4nhlccmqqhmr9wx-20260326T175237Z.bin,03071ade9004c9b9b249041d152f2fbfae5491bb582871fc5ebe4c413fa1711c,5085,2026-07-11T11:30:14Z,,ipfs://bafkreiada4nn5eaezg43esieduks6l57vzkjdo2yfby7yxv6jrat7ilrdq,0
gov_action1js2s9v92zpxg2rge0y3jt9zy626he2m67x9kx9phw4r942kvsn6sqfym0d7,https://ipfs.io/ipfs/QmcKQggcpouuhAAvUYGDzoKgMwbZSkWqiEeE6c67SJ3kEq,9b2438f0032a0c24ed62d12d6bdb79b47e2bd0c4d2dd4f4936c055ead7109caf,ok_cached,200,application/json,data/input/governance/anchors/gov_action1js2s9v92zpxg2rge0y3jt9zy626he2m67x9kx9phw4r942kvsn6sqfym0d7-20260326T175237Z.bin,b0940731e32f2ebf0d38228f0e9612c4646ff0fac94a8ffe0ebce68489509b55,11778,2026-07-11T11:30:14Z,,ipfs://QmcKQggcpouuhAAvUYGDzoKgMwbZSkWqiEeE6c67SJ3kEq,0
941502b0aa104c850d197923259444d2b57cab7af18b63143775465aaacc84f5#0,https://ipfs.io/ipfs/QmcKQggcpouuhAAvUYGDzoKgMwbZSkWqiEeE6c67SJ3kEq,9b2438f0032a0c24ed62d12d6bdb79b47e2bd0c4d2dd4f4936c055ead7109caf,ok_cached,200,application/json,data/input/governance/anchors/gov_action1js2s9v92zpxg2rge0y3jt9zy626he2m67x9kx9phw4r942kvsn6sqfym0d7-20260326T175237Z.bin,b0940731e32f2ebf0d38228f0e9612c4646ff0fac94a8ffe0ebce68489509b55,11778,2026-07-11T11:30:14Z,,ipfs://QmcKQggcpouuhAAvUYGDzoKgMwbZSkWqiEeE6c67SJ3kEq,0
gov_action133jnaewfsq8x6v08ndd87l2yqryp63r30t2dkceacxx5cply5n7sqzlcyqf,https://ipfs.io/ipfs/bafkreiehcekhhsq34ccezwn46brg3euj6tbs4g4yjkav34ukqvbnzaya2a,d085e5af96521ae2670400e76c3a1e4b4eb902139ddaa83bde7580e7e9d7ddec,ok_cached,200,application/json,data/input/governance/anchors/gov_action133jnaewfsq8x6v08ndd87l2yqryp63r30t2dkceacxx5cply5n7sqzlcyqf-20260326T175237Z.bin,87111473ca1be0844cd9bcf0626d9289f4c32e1b984a815df28a8542dc8300d0,13811,2026-07-11T11:30:14Z,,ipfs://bafkreiehcekhhsq34ccezwn46brg3euj6tbs4g4yjkav34ukqvbnzaya2a,0
8c653ee5c9800e6d31e79b5a7f7d4400c81d44717ad4db633dc18d4c07e4a4fd#0,https://ipfs.io/ipfs/bafkreiehcekhhsq34ccezwn46brg3euj6tbs4g4yjkav34ukqvbnzaya2a,d085e5af96521ae2670400e76c3a1e4b4eb902139ddaa83bde7580e7e9d7ddec,ok_cached,200,application/json,data/input/governance/anchors/gov_action133jnaewfsq8x6v08ndd87l2yqryp63r30t2dkceacxx5cply5n7sqzlcyqf-20260326T175237Z.bin,87111473ca1be0844cd9bcf0626d9289f4c32e1b984a815df28a8542dc8300d0,13811,2026-07-11T11:30:14Z,,ipfs://bafkreiehcekhhsq34ccezwn46brg3euj6tbs4g4yjkav34ukqvbnzaya2a,0
gov_action1pvv5wmjqhwa4u85vu9f4ydmzu2mgt8n7et967ph2urhx53r70xusqnmm525,https://raw.githubusercontent.com/IntersectMBO/governance-actions/refs/heads/main/mainnet/2024-10-30-hf10/metadata.jsonld,8a1bd37caa6b914a8b569adb63a0f41d8f159c110dc5c8409118a3f087fffb43,ok_cached,200,text/plain; charset=utf-8,data/input/governance/anchors/gov_action1pvv5wmjqhwa4u85vu9f4ydmzu2mgt8n7et967ph2urhx53r70xusqnmm525-20260326T175237Z.bin,0a8b76602147fc1bd9c5789af148b8a8585613a03af060b381ea19726412dde1,18598,2026-07-11T11:30:14Z,,https://raw.githubusercontent.com/IntersectMBO/governance-actions/refs/heads/main/mainnet/2024-10-30-hf10/metadata.jsonld,0
0b19476e40bbbb5e1e8ce153523762e2b6859e7ecacbaf06eae0ee6a447e79b9#0,https://raw.githubusercontent.com/IntersectMBO/governance-actions/refs/heads/main/mainnet/2024-10-30-hf10/metadata.jsonld,8a1bd37caa6b914a8b569adb63a0f41d8f159c110dc5c8409118a3f087fffb43,ok_cached,200,text/plain; charset=utf-8,data/input/governance/anchors/gov_action1pvv5wmjqhwa4u85vu9f4ydmzu2mgt8n7et967ph2urhx53r70xusqnmm525-20260326T175237Z.bin,0a8b76602147fc1bd9c5789af148b8a8585613a03af060b381ea19726412dde1,18598,2026-07-11T11:30:14Z,,https://raw.githubusercontent.com/IntersectMBO/governance-actions/refs/heads/main/mainnet/2024-10-30-hf10/metadata.jsonld,0
gov_action1llcd7ezdx299xeep9azm4dvsvz7783qfrhykcu3sv2ykl4sewv2qq4myfpk,https://raw.githubusercontent.com/IntersectMBO/governance-actions/refs/heads/main/mainnet/2024-11-19-infohf/metadata.jsonld,93106d082a93e94df5aff74f678438bae3a647dac63465fbfcde6a3058f41a1e,ok_cached,200,text/plain; charset=utf-8,data/input/governance/anchors/gov_action1llcd7ezdx299xeep9azm4dvsvz7783qfrhykcu3sv2ykl4sewv2qq4myfpk-20260326T175237Z.bin,e8cf679dd4d1ae99532ffac8664d593ac441b8cd41247504dd8164f53dfedc77,5202,2026-07-11T11:30:14Z,,https://raw.githubusercontent.com/IntersectMBO/governance-actions/refs/heads/main/mainnet/2024-11-19-infohf/metadata.jsonld,0
fff0df644d328a5367212f45bab59060bde3c4091dc96c723062896fd6197314#0,https://raw.githubusercontent.com/IntersectMBO/governance-actions/refs/heads/main/mainnet/2024-11-19-infohf/metadata.jsonld,93106d082a93e94df5aff74f678438bae3a647dac63465fbfcde6a3058f41a1e,ok_cached,200,text/plain; charset=utf-8,data/input/governance/anchors/gov_action1llcd7ezdx299xeep9azm4dvsvz7783qfrhykcu3sv2ykl4sewv2qq4myfpk-20260326T175237Z.bin,e8cf679dd4d1ae99532ffac8664d593ac441b8cd41247504dd8164f53dfedc77,5202,2026-07-11T11:30:14Z,,https://raw.githubusercontent.com/IntersectMBO/governance-actions/refs/heads/main/mainnet/2024-11-19-infohf/metadata.jsonld,0
gov_action1k2jertppnnndejjcglszfqq4yzw8evzrd2nt66rr6rqlz54xp0zsq05ecsn,https://raw.githubusercontent.com/IntersectMBO/governance-actions/refs/heads/main/mainnet/2024-11-04-ppu/metadata.jsonld,94deb036c455e4064f7ed4162edbdb7d892ad264094df9a26fd61b5b130d100f,ok_cached,200,text/plain; charset=utf-8,data/input/governance/anchors/gov_action1k2jertppnnndejjcglszfqq4yzw8evzrd2nt66rr6rqlz54xp0zsq05ecsn-20260326T175237Z.bin,ee825643af89e390dc1d3230504f9a6e1a3b944ea5e6044ccda702fb50448e8c,15771,2026-07-11T11:30:14Z,,https://raw.githubusercontent.com/IntersectMBO/governance-actions/refs/heads/main/mainnet/2024-11-04-ppu/metadata.jsonld,0
b2a591ac219ce6dcca5847e0248015209c7cb0436aa6bd6863d0c1f152a60bc5#0,https://raw.githubusercontent.com/IntersectMBO/governance-actions/refs/heads/main/mainnet/2024-11-04-ppu/metadata.jsonld,94deb036c455e4064f7ed4162edbdb7d892ad264094df9a26fd61b5b130d100f,ok_cached,200,text/plain; charset=utf-8,data/input/governance/anchors/gov_action1k2jertppnnndejjcglszfqq4yzw8evzrd2nt66rr6rqlz54xp0zsq05ecsn-20260326T175237Z.bin,ee825643af89e390dc1d3230504f9a6e1a3b944ea5e6044ccda702fb50448e8c,15771,2026-07-11T11:30:14Z,,https://raw.githubusercontent.com/IntersectMBO/governance-actions/refs/heads/main/mainnet/2024-11-04-ppu/metadata.jsonld,0
gov_action1286ft23r7jem825s4l0y5rn8sgam0tz2ce04l7a38qmnhp3l9a6qqn850dw,https://raw.githubusercontent.com/IntersectMBO/governance-actions/refs/heads/main/mainnet/2024-10-21-ppu/metadata.jsonld,3e6b1083a637a740d5b84bb6edf1a5119b81440b31ea84907311b6543ebd39eb,http_error,404,,,,0,2026-07-11T11:30:14Z,HTTP Error 404: Not Found,https://raw.githubusercontent.com/IntersectMBO/governance-actions/refs/heads/main/mainnet/2024-10-21-ppu/metadata.jsonld,
51f495aa23f4b3b3aa90afde4a0e67823bb7ac4ac65f5ffbb138373b863f2f74#0,https://raw.githubusercontent.com/IntersectMBO/governance-actions/refs/heads/main/mainnet/2024-10-21-ppu/metadata.jsonld,3e6b1083a637a740d5b84bb6edf1a5119b81440b31ea84907311b6543ebd39eb,http_error,404,,,,0,2026-07-11T11:30:14Z,HTTP Error 404: Not Found,https://raw.githubusercontent.com/IntersectMBO/governance-actions/refs/heads/main/mainnet/2024-10-21-ppu/metadata.jsonld,
gov_action10lty9xka3unprtvdfrqvcjgsz33sjwhv9p06afqzar8au782trtsq7dhd95,https://raw.githubusercontent.com/bigpey/CardanoGovernance/refs/heads/main/infoAction3.jsonld,e68cba056c70187e475f05317ce54eeade3376d5b744b32f2c60492b4984b4bf,ok_cached,200,text/plain; charset=utf-8,data/input/governance/anchors/gov_action10lty9xka3unprtvdfrqvcjgsz33sjwhv9p06afqzar8au782trtsq7dhd95-20260326T175238Z.bin,75638b44a055d69cda7217007ab7e22b30794c1fd77052fbff03ae789151b051,3803,2026-07-11T11:30:14Z,,https://raw.githubusercontent.com/bigpey/CardanoGovernance/refs/heads/main/infoAction3.jsonld,0
7fd6429add8f2611ad8d48c0cc49101463093aec285faea402e8cfde78ea58d7#0,https://raw.githubusercontent.com/bigpey/CardanoGovernance/refs/heads/main/infoAction3.jsonld,e68cba056c70187e475f05317ce54eeade3376d5b744b32f2c60492b4984b4bf,ok_cached,200,text/plain; charset=utf-8,data/input/governance/anchors/gov_action10lty9xka3unprtvdfrqvcjgsz33sjwhv9p06afqzar8au782trtsq7dhd95-20260326T175238Z.bin,75638b44a055d69cda7217007ab7e22b30794c1fd77052fbff03ae789151b051,3803,2026-07-11T11:30:14Z,,https://raw.githubusercontent.com/bigpey/CardanoGovernance/refs/heads/main/infoAction3.jsonld,0
gov_action1t87n2vjnavthuggyarerafxx8c7n9mu4c7r96qlfp5uggsjdc8dsqymg588,https://c-ipfs-gw.nmkr.io/ipfs/QmXdfDSSkR8TYBntMT4nuTL9sE9E44FJnpWVpaY8ZTfwjj,d4efa9e0c3d80f5be35def08551eaf5aef17eae832fdb835e5f4b208d98f3dff,ok_cached,200,application/json,data/input/governance/anchors/gov_action1t87n2vjnavthuggyarerafxx8c7n9mu4c7r96qlfp5uggsjdc8dsqymg588-20260326T175238Z.bin,eb4db4d54e2d8651a3d70c0cc191d7732aed9b99e7e312346cb711f570526257,7759,2026-07-11T11:30:14Z,,https://c-ipfs-gw.nmkr.io/ipfs/QmXdfDSSkR8TYBntMT4nuTL9sE9E44FJnpWVpaY8ZTfwjj,0
59fd353253eb177e2104e8f23ea4c63e3d32ef95c7865d03e90d3884424dc1db#0,https://c-ipfs-gw.nmkr.io/ipfs/QmXdfDSSkR8TYBntMT4nuTL9sE9E44FJnpWVpaY8ZTfwjj,d4efa9e0c3d80f5be35def08551eaf5aef17eae832fdb835e5f4b208d98f3dff,ok_cached,200,application/json,data/input/governance/anchors/gov_action1t87n2vjnavthuggyarerafxx8c7n9mu4c7r96qlfp5uggsjdc8dsqymg588-20260326T175238Z.bin,eb4db4d54e2d8651a3d70c0cc191d7732aed9b99e7e312346cb711f570526257,7759,2026-07-11T11:30:14Z,,https://c-ipfs-gw.nmkr.io/ipfs/QmXdfDSSkR8TYBntMT4nuTL9sE9E44FJnpWVpaY8ZTfwjj,0
gov_action1zhuz5djmmmjg8f9s8pe6grfc98xg3szglums8cgm6qwancp4eytqqmpu0pr,https://ipfs.io/ipfs/QmWjcHsrq9kKHZZ7aPPFjqN6wLuxH9d8bcqssmrE7H4cvb,2f98f57c4149fdfed2b73cbd821226fe417ef5ed49d8f836a37b31edf14dea47,ok_cached,200,application/json,data/input/governance/anchors/gov_action1zhuz5djmmmjg8f9s8pe6grfc98xg3szglums8cgm6qwancp4eytqqmpu0pr-20260326T175239Z.bin,848ed97ad351648cd9a6b74bf357efd67fd88ae30d1895aab755ee9580341d99,2018,2026-07-11T11:30:14Z,,ipfs://QmWjcHsrq9kKHZZ7aPPFjqN6wLuxH9d8bcqssmrE7H4cvb,0
15f82a365bdee483a4b03873a40d3829cc88c048ff3703e11bd01dd9e035c916#0,https://ipfs.io/ipfs/QmWjcHsrq9kKHZZ7aPPFjqN6wLuxH9d8bcqssmrE7H4cvb,2f98f57c4149fdfed2b73cbd821226fe417ef5ed49d8f836a37b31edf14dea47,ok_cached,200,application/json,data/input/governance/anchors/gov_action1zhuz5djmmmjg8f9s8pe6grfc98xg3szglums8cgm6qwancp4eytqqmpu0pr-20260326T175239Z.bin,848ed97ad351648cd9a6b74bf357efd67fd88ae30d1895aab755ee9580341d99,2018,2026-07-11T11:30:14Z,,ipfs://QmWjcHsrq9kKHZZ7aPPFjqN6wLuxH9d8bcqssmrE7H4cvb,0
